﻿Sr.No.,Response No,ParticipationStatus,1.How likely is it that you would recommend this school to a friend?,"2.What is your role at the school? (employees of the school who hold multiple positions on the staff, select the one area you feel is most dominant - but DO NOT SELECT ''PARENT'') (Select one option)",3.Number of children enrolled in this school,4.Grade levels of your children in this school (select all that apply),,,,,,,,,,,,,5.Indicate your education level (mark the highest completed),"6(a). Please rate: Your UNDERSTANDING of the school's Philosophy, Mission, and Core Values","6(b). Please rate: Your SUPPORT of the school's Philosophy, Mission, and Core Values",7(a). Please rate how well the school is integrating its Philosophy Mission and Core Values into: PROGRAMS (everything from courses to athletics to activities),7(b). Please rate how well the school is integrating its Philosophy Mission and Core Values into: CURRICULUM (what we teach and how we teach it),"7(c). Please rate how well the school is integrating its Philosophy Mission and Core Values into: CLASSROOMS (atmosphere, instruction, relationships)",7(d). Please rate how well the school is integrating its Philosophy Mission and Core Values into: OPERATIONS (the way we do business with you and others),8(a). Rate the general effectiveness of the following: Superintendent leadership,8(b). Rate the general effectiveness of the following: Head of School leadership,8(c). Rate the general effectiveness of the following: Discipline policy,8(d). Rate the general effectiveness of the following: Dress code policy,8(e). Rate the general effectiveness of the following: Anti-bullying policy,8(f). Rate the general effectiveness of the following: Overall policy enforcement,9(a). Please rate how well the board and Head of School leadership: Promote a structure that contributes to an operationally and financially sound school community,9(b). Please rate how well the board and Head of School leadership: Exemplify qualities of respect as it relates to diversity,10(a). Rate the following: The school's reputation as an organization among the local community (outside of the school),10(b). Rate the following: The student body's reputation among the local community,10(c). Rate the following: Allowing for parental involvement,10(d). Rate the following: Creating a deeply connected community,10(e). Rate the following: Facility cleanliness,10(f). Rate the following: Orderliness of the school,10(g). Rate the following: Facility space,10(h). Rate the following: Crisis management plan,10(i). Rate the following: General friendliness,10(j). Rate the following: Caring environment,10(k). Rate the following: Sensitivity to ethnic differences,10(l). Rate the following: Student appearance,10(m). Rate the following: School spirit,10(n). Rate the following: General morale,11(a). In general please rate your interactions with school personnel: Responsiveness,11(b). In general please rate your interactions with school personnel: Sensitivity,11(c). In general please rate your interactions with school personnel: Administrative team accessibility,11(d). In general please rate your interactions with school personnel: Office staff friendliness,12(a). Please rate how the school is doing overall in providing: Healthy food service,12(b). Please rate how the school is doing overall in providing: Extra-curricular activities,12(c). Please rate how the school is doing overall in providing: Academic guidance / counsel,12(d). Please rate how the school is doing overall in providing: After school program,13(a). In general rate the quality of the following: Communication with parents,13(b). In general rate the quality of the following: Publications / printed material,13(c). In general rate the quality of the following: Website,13(d). In general rate the quality of the following: Parent volunteer opportunities,14(a). How well is the school developing students: Physically,14(b). How well is the school developing students: Intellectually,14(c). How well is the school developing students: Emotionally,15(a). In general how well is the school doing at: Providing adult role models of trustworthy character,15(b). In general how well is the school doing at: Managing student behavior,15(c). In general how well is the school doing at: Providing effective character development programs
,,, , , ,Pre-K 1,Pre-K 2,Kindergarten,First Grade,Second Grade,Third Grade,Fourth Grade,Fifth Grade,Sixth Grade,Seventh Grade,Eighth Grade,Ninth Grade,None of the above, , , , , , , , , , , , , , , , , , , , , , , , , , , , , , , , , , , , , , , , , , , , , , , ,
1,281,Incomplete,,,,,,,,,,,,,,,,,,,,,,,,,,,,,,,,,,,,,,,,,,,,,,,,,,,,,,,,,,,,,,,,
2,1,Complete,2,Teacher (Elementary School),,,,,,,,,,,,,,,,4,4,3,3,3,2,4,4,2,2,3,2,2,3,3,3,3,4,4,4,4,4,4,4,4,4,4,4,4,4,4,4,4,4,4,4,4,4,4,4,5,4,4,4,2,3,
3,2,Complete,8,Parent,One,,,,,Second Grade,,,,,,,,,Some college,3,4,3,3,4,3,3,3,4,4,4,4,4,4,3,3,4,4,4,4,4,3,4,4,4,4,4,4,4,4,4,4,4,3,3,3,3,3,3,4,3,3,4,3,4,3,
4,3,Complete,5,Parent,One,,,,,,Third Grade,,,,,,,,"College degree (BA, BS)",3,3,3,3,3,1,2,2,3,4,,3,2,3,2,2,3,3,4,4,4,2,4,3,,,,3,2,4,3,4,4,4,3,4,1,2,3,,3,3,3,3,3,3,
5,4,Complete,8,Non-teaching staff,,,,,,,,,,,,,,,,5,5,5,5,4,4,3,5,3,3,4,3,4,4,4,3,5,5,4,5,5,4,4,4,4,3,4,4,4,3,4,4,3,4,3,4,3,4,3,3,5,5,5,4,4,5,
6,5,Complete,7,Parent,One,,,,,,Third Grade,,,,,,,,Masters degree,3,3,3,4,4,3,3,3,4,4,4,4,,4,3,3,4,4,4,4,4,3,4,4,4,4,4,4,4,4,4,4,4,3,3,3,3,3,3,3,4,3,4,4,4,4,
7,6,Complete,8,Administration,,,,,,,,,,,,,,,,4,5,3,3,3,3,4,3,2,3,2,2,3,4,3,3,3,3,4,4,4,3,4,4,4,4,4,4,4,4,4,4,4,3,3,3,3,2,3,2,3,3,3,3,3,3,
8,7,Complete,10,Non-teaching staff,,,,,,,,,,,,,,,,3,3,4,4,4,2,2,2,1,3,2,2,2,3,4,3,3,2,4,4,5,,4,4,,4,4,4,4,4,3,4,3,4,4,4,2,,3,3,4,4,4,4,3,4,
9,8,Complete,10,Non-teaching staff,,,,,,,,,,,,,,,,5,5,5,4,5,4,5,5,3,3,3,4,5,,5,5,5,5,5,5,4,5,5,4,4,4,5,5,3,3,5,5,4,4,4,4,4,4,4,5,5,5,5,4,3,4,
10,9,Complete,8,Parent,One,,,,First Grade,,,,,,,,,,Some college,4,4,4,4,5,3,4,4,4,4,4,4,4,4,2,4,4,4,5,5,5,2,4,4,4,4,4,4,3,3,3,4,4,4,4,4,4,4,4,4,3,4,5,4,4,4,
11,10,Complete,5,Teacher (Elementary School),,,,,,,,,,,,,,,,5,5,1,3,3,3,4,4,1,1,1,3,3,2,4,2,4,4,2,4,4,3,4,3,4,4,2,2,4,4,4,4,3,2,2,2,3,3,4,3,5,3,2,3,3,2,
12,11,Complete,8,Parent,One,,,,First Grade,,,,,,,,,,"College degree (BA, BS)",3,5,3,4,4,3,,,4,5,4,3,,,3,3,4,4,4,4,4,4,4,4,4,4,4,4,2,3,3,4,4,4,4,3,3,4,4,3,4,4,4,4,4,4,
13,282,Incomplete,,,,,,,,,,,,,,,,,,,,,,,,,,,,,,,,,,,,,,,,,,,,,,,,,,,,,,,,,,,,,,,,
14,283,Incomplete,,,,,,,,,,,,,,,,,,,,,,,,,,,,,,,,,,,,,,,,,,,,,,,,,,,,,,,,,,,,,,,,
15,12,Complete,5,Teacher (Elementary School),,,,,,,,,,,,,,,,5,5,3,3,2,2,2,2,1,2,1,1,2,2,3,3,3,2,3,2,2,1,3,3,3,3,3,2,3,3,3,3,3,3,3,3,3,3,4,3,2,4,3,4,2,2,
16,13,Complete,9,Teacher (Seconday  School),,,,,,,,,,,,,,,,4,4,3,2,3,4,3,3,2,2,3,3,4,4,3,4,4,4,4,4,4,4,4,4,4,3,3,3,4,3,4,4,4,3,3,3,4,3,3,4,4,4,4,4,4,3,
17,14,Complete,10,Teacher (Seconday  School),,,,,,,,,,,,,,,,,5,5,4,4,5,5,5,4,4,5,4,5,5,4,4,5,5,5,5,4,,5,5,,4,4,5,5,5,5,5,4,4,4,4,5,5,5,4,5,5,5,4,4,5,
18,15,Complete,10,Non-teaching staff,,,,,,,,,,,,,,,,4,4,4,4,4,4,4,4,3,3,4,4,4,4,4,3,3,3,4,5,5,4,4,4,4,4,4,4,3,3,3,4,4,4,4,4,4,4,4,3,4,4,4,4,4,4,
19,16,Complete,9,Parent,One,,,,First Grade,,,,,,,,,,Doctorate degree,5,4,4,4,4,4,4,4,3,4,3,4,4,4,2,2,3,3,3,4,3,3,4,4,3,4,4,4,4,4,4,4,4,4,3,3,4,4,4,3,3,4,3,3,3,3,
20,17,Complete,5,,One,,,,First Grade,,,,,,,,,,"College degree (BA, BS)",3,4,4,4,4,3,4,3,4,4,3,3,4,4,3,3,4,4,4,4,4,4,4,4,4,4,4,4,4,4,4,4,4,4,4,4,4,3,4,4,4,4,4,4,4,4,
21,18,Complete,10,,One,,,,First Grade,,,,,,,,,,Masters degree,,3,3,3,4,2,2,2,3,4,2,2,2,3,2,2,4,3,3,3,4,3,4,3,3,,4,4,4,3,3,3,3,3,3,3,3,3,3,3,3,4,4,3,3,3,
22,19,Complete,10,Non-teaching staff,,,,,,,,,,,,,,,,3,4,3,3,4,4,5,3,4,3,5,4,5,5,5,5,4,5,5,5,5,4,5,5,5,5,5,4,4,5,5,5,4,3,,4,5,5,,5,5,5,5,4,5,5,
23,20,Complete,1,Teacher (Elementary School),,,,,,,,,,,,,,,,2,3,2,2,3,1,1,1,2,4,3,3,2,1,1,3,3,2,4,2,2,1,2,2,2,3,4,1,3,2,2,4,2,2,2,3,3,,3,,3,3,3,3,3,2,
24,21,Complete,10,Non-teaching staff,,,,,,,,,,,,,,,,,,,,,,5,5,5,5,,5,5,5,,,,,4,5,5,5,5,5,4,5,5,5,5,5,5,5,5,5,5,5,5,3,5,5,5,5,5,5,5,5,
25,22,Incomplete,5,Parent,One,,,,,Second Grade,,,,,,,,,"College degree (BA, BS)",,,,,,,,,,,,,,,,,,,,,,,,,,,,,,,,,,,,,,,,,,,,,,,
26,23,Complete,9,Administration,,,,,,,,,,,,,,,,4,4,4,4,3,2,4,3,2,4,2,3,3,4,3,3,4,3,4,4,4,2,4,3,2,4,4,4,3,3,3,4,4,2,,3,3,2,2,3,3,4,3,3,2,3,
27,284,Incomplete,,,,,,,,,,,,,,,,,,,,,,,,,,,,,,,,,,,,,,,,,,,,,,,,,,,,,,,,,,,,,,,,
28,24,Complete,5,Non-teaching staff,,,,,,,,,,,,,,,,5,5,4,3,3,2,4,3,3,3,4,3,3,4,3,3,3,2,,4,4,3,3,3,5,5,5,3,2,2,2,3,4,3,3,3,3,4,2,2,5,5,5,4,4,4,
29,25,Complete,6,Teacher (Elementary School),,,,,,,,,,,,,,,,5,5,2,2,4,1,1,1,1,4,3,4,1,2,3,3,3,3,5,2,4,2,3,2,2,4,3,1,2,2,1,3,4,1,2,1,3,3,3,1,4,4,2,1,2,2,
30,26,Complete,10,Non-teaching staff,,,,,,,,,,,,,,,,5,4,4,4,4,3,5,5,4,3,5,4,3,5,,,5,5,4,4,5,4,5,5,5,5,5,5,4,4,3,4,,,4,5,4,4,3,5,5,5,5,5,5,5,
31,27,Complete,7,Teacher (Elementary School),,,,,,,,,,,,,,,,3,4,4,4,4,3,3,3,3,4,3,3,3,4,2,4,4,4,4,4,4,3,4,3,4,4,4,4,4,4,4,3,4,4,4,3,3,3,3,3,3,4,3,3,3,3,
32,28,Complete,7,Parent,Two,,,,,Second Grade,,Fourth Grade,,,,,,,Masters degree,1,1,1,1,1,1,2,2,2,3,3,3,2,2,2,2,2,2,3,3,3,1,3,3,3,3,3,3,4,4,4,4,4,3,3,2,4,3,3,3,4,4,4,3,3,3,
33,29,Complete,10,Teacher (Elementary School),,,,,,,,,,,,,,,,3,4,4,4,4,4,3,3,3,3,3,3,4,4,2,3,3,4,4,4,5,4,5,4,5,4,4,3,4,3,4,4,5,3,4,4,3,4,4,3,3,5,3,3,3,3,
34,30,Complete,1,Parent,One,,,,,,,,,Sixth Grade,,,,,Doctorate degree,4,4,3,3,3,3,,,4,4,5,3,,5,1,3,2,2,5,5,5,2,5,3,5,5,4,3,5,5,5,5,5,3,2,2,3,,,2,2,3,4,4,3,4,
35,31,Complete,5,Non-teaching staff,,,,,,,,,,,,,,,,4,5,4,5,5,5,4,4,3,3,5,4,4,5,4,3,4,5,5,5,5,5,5,5,4,4,4,4,5,5,5,5,5,5,4,4,5,4,4,4,4,4,4,5,5,4,
36,32,Complete,7,Parent,One,,,,First Grade,,,,,,,,,,"College degree (BA, BS)",3,4,3,3,4,3,,,2,2,,,,,,,,,3,4,3,2,4,4,,4,4,4,3,4,4,4,4,,,,3,,,,3,3,3,,,3,
37,33,Complete,10,Non-teaching staff,,,,,,,,,,,,,,,,4,5,4,4,3,3,4,3,1,1,2,3,4,5,3,3,4,4,4,4,5,2,5,4,4,4,3,4,3,4,4,5,5,3,2,4,4,4,4,3,3,4,4,4,3,3,
38,34,Complete,10,Non-teaching staff,,,,,,,,,,,,,,,,4,4,,,,4,4,4,3,4,4,4,4,4,3,3,3,3,4,3,4,4,4,4,4,4,4,4,3,4,4,4,4,3,4,3,3,3,4,4,4,4,4,4,4,4,
39,35,Complete,2,Non-teaching staff,,,,,,,,,,,,,,,,3,3,3,3,3,3,,3,1,2,,2,3,5,3,3,4,3,5,4,4,3,5,4,5,3,3,3,4,3,4,5,4,3,3,3,4,4,3,3,4,3,3,4,3,2,
40,36,Complete,7,Administration,,,,,,,,,,,,,,,,5,5,4,3,3,4,4,4,2,2,,3,4,4,3,3,4,3,5,4,4,3,5,4,5,3,3,4,4,4,4,5,4,3,3,3,4,4,4,3,4,4,4,4,3,3,
41,37,Complete,9,Teacher (Elementary School),,,,,,,,,,,,,,,,5,5,3,4,4,4,4,4,1,5,5,5,5,5,4,4,,5,5,5,5,4,5,,5,5,5,4,4,5,5,5,5,3,4,3,5,4,5,5,4,5,3,5,2,4,
42,38,Complete,10,Administration,,,,,,,,,,,,,,,,3,3,4,4,4,4,4,4,4,5,4,4,4,4,2,2,3,3,4,4,3,2,3,3,4,4,4,4,3,3,3,3,3,3,3,3,4,3,4,3,3,4,4,4,3,4,
43,39,Complete,9,Parent,Two,,,,,,Third Grade,,,,Seventh Grade,,,,Masters degree,4,4,3,3,3,3,3,3,3,4,4,3,3,3,3,3,3,4,4,4,4,4,5,5,4,4,4,4,4,4,4,5,3,3,2,3,4,2,4,4,3,3,3,4,3,3,
44,40,Complete,10,Non-teaching staff,,,,,,,,,,,,,,,,4,5,,,,4,,,,,,3,,,,,,,4,4,4,,5,4,,5,,,3,3,,4,4,,,,,,3,,,,,,,,
45,41,Complete,8,Non-teaching staff,,,,,,,,,,,,,,,,3,4,4,4,4,4,5,5,3,3,4,4,4,4,4,3,3,3,5,5,5,,4,4,,4,4,4,4,3,4,4,4,5,5,4,5,4,5,,4,4,4,4,4,4,
46,42,Complete,0,Non-teaching staff,,,,,,,,,,,,,,,,3,3,4,4,3,2,3,2,2,3,3,2,2,2,3,3,3,3,2,3,3,2,2,2,3,3,3,3,2,3,3,3,1,3,3,3,3,3,4,3,4,4,4,3,3,3,
47,43,Complete,5,Non-teaching staff,,,,,,,,,,,,,,,,,,,,,,,,,,,,,,,,,,,,,,,,,,,,,,,,,,,,,,,,,,,,,,
48,44,Complete,10,Parent,One,,,,First Grade,,,,,,,,,,Some college,4,5,4,4,4,3,,,,,,,,,,,4,4,4,4,4,,,4,,,4,4,4,4,3,4,4,4,4,4,3,3,4,4,4,4,4,4,3,,
49,45,Complete,8,Parent,One,,,,,,,,Fifth Grade,,,,,,"College degree (BA, BS)",3,5,4,4,4,3,4,3,3,3,5,3,3,5,2,4,5,4,4,5,5,2,5,4,4,5,5,5,4,4,4,5,4,3,2,3,3,3,3,3,3,4,4,4,3,3,
50,46,Complete,10,Non-teaching staff,,,,,,,,,,,,,,,,5,5,5,4,,5,5,5,4,4,5,4,4,5,5,5,5,5,4,5,5,4,5,5,5,5,5,5,4,4,5,5,4,5,5,5,5,5,5,4,4,5,5,5,5,5,
51,47,Complete,6,Parent,One,,,,,,,,Fifth Grade,,,,,,Masters degree,3,3,3,3,3,3,2,2,2,3,4,3,2,4,3,3,4,4,5,5,5,2,4,4,4,4,,4,3,,2,4,4,4,3,4,4,4,4,4,3,4,4,4,3,4,
52,48,Complete,10,Parent,Three,,,Kindergarten,,Second Grade,,,,,,,,,Some college,4,4,3,3,4,3,4,3,3,3,2,3,3,3,4,4,3,3,4,4,4,4,4,4,2,4,4,4,3,3,3,3,3,3,3,4,3,3,3,3,5,4,4,4,2,3,
53,49,Complete,10,Non-teaching staff,,,,,,,,,,,,,,,,5,5,2,2,2,2,3,4,2,3,2,3,3,4,2,4,4,3,3,3,4,2,5,4,5,4,2,3,3,4,3,5,3,2,1,3,5,3,4,2,4,3,3,3,2,3,
54,50,Complete,5,Teacher (Elementary School),,,,,,,,,,,,,,,,3,3,2,2,3,3,2,2,3,2,2,2,2,2,1,2,3,3,3,4,4,3,4,3,3,,3,3,2,3,3,3,3,2,3,3,4,4,3,3,3,3,3,3,2,2,
55,51,Complete,3,Teacher (Elementary School),,,,,,,,,,,,,,,,2,3,2,2,3,2,2,2,1,1,3,2,2,1,3,2,3,1,4,3,1,1,3,2,2,3,2,2,3,3,3,3,3,2,2,3,,,3,2,3,3,3,3,2,2,
56,52,Complete,2,Parent,One,,,,,Second Grade,,,,,,,,,Masters degree,2,2,1,1,4,4,4,3,4,4,2,3,3,3,2,3,4,2,4,4,4,2,4,3,2,4,4,3,3,3,4,4,3,3,2,3,4,4,4,3,3,1,3,2,3,1,
57,53,Complete,7,Teacher (Elementary School),,,,,,,,,,,,,,,,4,5,3,3,4,2,4,3,3,3,3,2,2,2,3,2,3,3,4,4,3,2,4,4,4,4,4,3,4,4,5,4,2,3,3,2,2,4,3,4,5,3,3,3,1,3,
58,54,Complete,10,Teacher (Seconday  School),,,,,,,,,,,,,,,,4,5,4,4,4,3,4,4,3,3,5,4,5,4,4,3,4,4,5,5,5,5,5,5,5,4,4,4,4,4,5,5,5,4,4,3,5,5,4,3,4,4,4,4,3,4,
59,55,Complete,6,Teacher (Seconday  School),,,,,,,,,,,,,,,,5,4,2,2,2,2,2,4,1,1,1,3,2,4,1,2,3,2,4,4,5,2,4,3,2,3,2,3,2,2,2,3,2,2,4,3,3,3,3,3,2,4,3,3,2,3,
60,56,Complete,7,Non-teaching staff,,,,,,,,,,,,,,,,3,3,3,3,3,3,3,3,1,4,3,3,3,3,3,3,3,3,3,3,3,3,3,3,3,3,3,3,3,3,3,3,3,3,3,3,3,3,3,3,3,3,3,3,3,3,
61,57,Complete,8,Non-teaching staff,,,,,,,,,,,,,,,,5,5,4,3,3,3,,,2,2,2,2,,,2,3,3,3,4,4,4,3,3,3,4,4,3,3,3,3,3,3,3,3,3,3,4,4,3,3,4,4,3,2,2,2,
62,58,Complete,5,Teacher (Elementary School),,,,,,,,,,,,,,,,3,3,2,3,5,2,1,1,3,4,3,3,4,3,2,3,4,3,4,3,3,2,5,4,4,4,2,2,3,3,3,4,3,4,3,4,3,4,4,4,3,3,4,4,4,4,
63,286,Incomplete,,,,,,,,,,,,,,,,,,,,,,,,,,,,,,,,,,,,,,,,,,,,,,,,,,,,,,,,,,,,,,,,
64,59,Complete,5,Parent,One,,,,,,,,,,Seventh Grade,,,,Masters degree,4,4,3,3,3,3,3,3,3,3,3,2,2,3,2,2,2,2,4,4,4,1,3,3,3,3,3,3,3,3,3,3,3,4,3,3,3,3,3,3,3,3,4,3,2,3,
65,60,Complete,5,Teacher (Seconday  School),,,,,,,,,,,,,,,,5,5,1,3,4,1,2,2,1,3,3,2,1,3,2,2,2,5,5,5,5,3,4,4,4,3,1,3,3,4,3,5,2,2,2,5,2,2,4,5,3,3,1,5,4,2,
66,61,Complete,5,Parent,One,,,,,,Third Grade,,,,,,,,Doctorate degree,4,4,4,4,4,2,3,3,4,4,4,3,3,3,3,3,4,3,4,4,4,3,4,4,4,4,4,4,2,4,3,4,3,4,4,3,4,3,3,3,4,4,5,4,4,5,
67,62,Complete,8,Non-teaching staff,,,,,,,,,,,,,,,,3,3,4,4,4,4,4,4,4,4,5,4,4,4,5,4,4,4,4,5,5,4,5,4,4,4,4,4,4,4,4,4,5,4,4,4,4,4,4,4,4,5,4,4,4,4,
68,287,Incomplete,,,,,,,,,,,,,,,,,,,,,,,,,,,,,,,,,,,,,,,,,,,,,,,,,,,,,,,,,,,,,,,,
69,63,Complete,5,Teacher (Elementary School),,,,,,,,,,,,,,,,4,4,2,3,4,1,2,3,3,1,2,2,2,3,2,3,4,2,4,3,4,2,3,3,2,3,2,2,2,1,2,4,2,3,3,2,3,3,4,2,4,3,2,3,3,2,
70,288,Incomplete,,,,,,,,,,,,,,,,,,,,,,,,,,,,,,,,,,,,,,,,,,,,,,,,,,,,,,,,,,,,,,,,
71,289,Incomplete,,,,,,,,,,,,,,,,,,,,,,,,,,,,,,,,,,,,,,,,,,,,,,,,,,,,,,,,,,,,,,,,
72,64,Complete,5,Non-teaching staff,,,,,,,,,,,,,,,,,,,,,,,,,,,,,,,,,,,,,,,,,,,,,,,,,,,,,,,,,,,,,,
73,65,Complete,6,Parent,One,,,,,,Third Grade,,,,,,,,"College degree (BA, BS)",3,4,3,3,3,3,3,4,2,3,3,3,3,3,1,2,4,3,4,4,4,1,4,4,4,4,4,4,3,3,3,4,4,4,4,3,3,4,4,3,4,3,4,3,2,3,
74,66,Complete,5,Parent,One,,,,First Grade,,,,,,,,,,Masters degree,5,5,4,3,4,4,,4,4,4,,4,4,4,,3,4,4,4,5,4,3,4,4,,4,4,4,4,4,4,4,3,2,2,2,3,3,3,4,3,4,4,3,4,3,
75,67,Complete,5,Non-teaching staff,,,,,,,,,,,,,,,,4,4,3,4,4,2,3,3,3,3,3,3,3,3,2,3,3,3,4,4,4,2,3,3,3,3,4,4,4,4,4,4,3,3,3,3,4,4,4,4,4,3,4,4,3,3,
76,68,Complete,10,Parent,One,,,,,,Third Grade,,,,,,,,Masters degree,3,3,4,2,2,1,1,1,2,3,3,1,2,2,2,2,2,2,4,5,5,1,5,5,5,3,5,3,2,2,2,2,3,1,1,1,2,3,3,4,3,2,3,3,3,3,
77,69,Complete,5,Parent,Two,,,Kindergarten,,Second Grade,,,,,,,,,Masters degree,3,4,3,3,4,3,2,2,2,2,3,2,3,3,2,2,3,2,4,4,4,3,4,3,4,3,3,3,3,3,3,3,4,2,2,1,3,3,3,3,3,2,4,3,3,3,
78,70,Complete,8,Administration,,,,,,,,,,,,,,,,5,5,3,4,3,4,,2,2,2,3,3,3,4,3,3,4,4,4,4,4,,4,4,3,3,4,3,3,3,4,3,4,3,3,3,4,4,3,,4,4,4,4,3,3,
79,71,Complete,7,Teacher (Elementary School),,,,,,,,,,,,,,,,3,5,4,4,4,3,,3,2,2,,2,2,4,1,2,5,3,3,2,2,2,4,3,3,3,3,1,3,4,3,5,5,4,3,3,4,4,4,3,4,4,3,4,2,1,
80,72,Complete,10,Parent,One,,,,,Second Grade,,,,,,,,,Some college,3,4,4,4,5,3,4,4,5,5,3,3,4,4,4,3,4,5,2,4,5,5,5,5,5,5,4,4,3,4,3,4,3,4,3,4,4,4,5,4,3,3,4,4,3,4,
81,73,Complete,8,Non-teaching staff,,,,,,,,,,,,,,,,4,4,3,4,4,3,4,3,3,3,3,3,3,3,4,3,3,3,4,4,4,3,4,4,4,3,3,3,3,3,3,4,3,4,4,3,3,3,3,3,3,3,3,4,3,3,
82,74,Complete,0,Parent,Two,,,,,,,,,Sixth Grade,Seventh Grade,,,,"College degree (BA, BS)",3,4,3,2,2,1,2,2,2,3,4,3,3,3,1,1,3,2,4,4,4,2,3,3,,4,3,3,3,1,1,2,4,3,2,3,1,,,,2,2,3,4,4,3,
83,75,Complete,8,Teacher (Elementary School),,,,,,,,,,,,,,,,4,5,2,5,4,1,2,1,1,1,1,1,1,3,2,3,5,4,2,1,1,1,4,4,2,3,2,2,2,2,2,4,3,1,2,1,4,3,2,3,3,4,2,3,2,1,
84,76,Complete,8,Teacher (Elementary School),,,,,,,,,,,,,,,,,4,3,5,4,3,,,3,3,4,3,3,5,,,3,3,4,5,4,3,4,5,4,,4,4,4,4,4,4,3,4,5,5,3,,4,,3,4,4,3,2,3,
85,77,Complete,10,Parent,Two,,,,,Second Grade,,Fourth Grade,,,,,,,"College degree (BA, BS)",4,5,3,3,4,1,,1,1,4,2,1,1,3,5,3,4,2,5,5,5,1,5,5,5,5,5,5,3,3,4,4,5,3,2,1,1,2,2,1,2,2,4,1,1,3,
86,78,Complete,9,Non-teaching staff,,,,,,,,,,,,,,,,2,2,4,4,4,4,2,3,2,2,2,3,2,3,3,3,3,3,3,2,4,3,4,4,4,3,4,4,4,4,4,4,3,3,3,3,4,4,4,4,4,4,4,3,2,2,
87,79,Complete,10,Teacher (Elementary School),,,,,,,,,,,,,,,,4,4,4,,4,,,,3,,3,3,,,2,3,3,3,4,4,4,2,4,4,4,3,4,4,4,4,4,4,4,,4,4,,,,3,3,4,3,4,2,3,
88,290,Incomplete,,,,,,,,,,,,,,,,,,,,,,,,,,,,,,,,,,,,,,,,,,,,,,,,,,,,,,,,,,,,,,,,
89,80,Complete,10,Administration,,,,,,,,,,,,,,,,4,5,3,3,2,3,4,4,3,4,,3,3,3,3,2,2,3,5,5,4,3,3,3,4,3,3,3,4,4,4,4,4,3,4,3,,,,2,4,2,2,3,2,3,
90,82,Incomplete,7,Teacher (Elementary School),,,,,,,,,,,,,,,,5,5,5,5,5,4,5,5,5,4,4,4,4,5,,,,,,,,,,,,,,,,,,,,,,,,,,,,,,,,,
91,83,Incomplete,6,Teacher (Elementary School),,,,,,,,,,,,,,,,2,2,4,5,,2,4,4,4,3,,,4,4,,,,,,,,,,,,,,,,,,,,,,,,,,,,,,,,,
92,84,Complete,2,Teacher (Elementary School),,,,,,,,,,,,,,,,2,4,3,4,3,3,3,4,2,3,4,3,3,5,5,2,3,3,,4,3,5,3,5,5,4,3,3,4,4,5,3,5,4,4,4,4,,2,3,5,4,3,4,2,2,
93,85,Complete,6,Teacher (Elementary School),,,,,,,,,,,,,,,,4,3,3,4,,3,3,3,3,2,3,3,3,4,2,2,2,3,4,3,4,3,4,4,4,,2,3,2,2,3,3,2,2,,,1,,2,,4,3,2,3,2,2,
94,86,Complete,10,Teacher (Seconday  School),,,,,,,,,,,,,,,,5,5,5,5,4,5,5,5,4,4,4,4,4,5,4,4,5,5,5,5,5,5,5,5,,,5,5,4,4,5,4,5,5,5,5,5,5,5,4,5,5,5,5,4,4,
95,87,Complete,5,Parent,Two,,,,First Grade,,,,,Sixth Grade,,,,,Masters degree,4,4,4,4,4,4,2,2,2,2,2,2,2,3,3,3,4,4,4,4,4,4,4,4,4,4,4,4,3,3,3,3,4,4,4,4,4,4,4,4,4,3,4,4,3,4,
96,88,Complete,10,Non-teaching staff,,,,,,,,,,,,,,,,4,4,3,4,5,3,4,3,3,4,4,3,3,4,5,3,3,3,3,3,4,4,3,3,5,3,4,3,3,3,3,3,3,3,4,3,4,3,4,4,4,3,3,4,3,3,
97,89,Complete,10,Teacher (Elementary School),,,,,,,,,,,,,,,,5,5,4,4,4,4,,,,,,,,,,,,,,,,,,,,,,,,,,,,,,,,,,,3,3,3,,,,
98,90,Complete,9,Teacher (Elementary School),,,,,,,,,,,,,,,,5,5,4,4,5,5,5,5,5,5,5,5,5,5,4,3,4,4,4,4,5,5,5,5,5,4,5,5,5,5,5,5,5,5,5,5,5,5,5,5,5,5,5,5,5,5,
99,91,Complete,10,Non-teaching staff,,,,,,,,,,,,,,,,5,5,5,4,5,4,5,5,4,4,4,4,4,4,3,3,4,4,4,4,4,4,4,4,5,4,4,3,3,4,3,4,3,3,3,4,4,3,4,3,3,4,5,3,3,4,
100,92,Complete,9,Teacher (Seconday  School),,,,,,,,,,,,,,,,3,4,2,4,4,3,2,3,1,1,4,2,4,4,2,1,4,2,5,5,5,3,4,5,5,3,3,3,4,4,4,4,3,2,2,2,4,2,2,2,2,3,3,3,3,3,
101,93,Complete,4,,Two,,,,,Second Grade,,Fourth Grade,,,,,,,"College degree (BA, BS)",3,4,4,4,4,2,,,4,5,4,,4,4,1,4,3,4,4,3,3,3,4,3,4,4,4,4,4,3,4,5,4,4,4,4,4,4,4,4,4,4,4,4,4,,
102,94,Complete,9,Non-teaching staff,,,,,,,,,,,,,,,,,,,,,,3,3,3,2,,3,,,3,3,4,4,4,4,3,4,4,4,4,,4,4,3,3,3,4,4,4,,4,3,4,,4,4,4,4,4,4,,
103,95,Complete,8,Teacher (Elementary School),,,,,,,,,,,,,,,,4,5,4,4,5,4,5,4,3,4,4,4,5,5,2,4,3,4,3,5,5,4,5,5,4,4,4,4,4,4,4,4,4,3,3,5,4,4,3,2,4,4,4,4,4,4,
104,96,Complete,8,Teacher (Elementary School),,,,,,,,,,,,,,,,3,4,4,4,4,4,4,4,4,5,4,4,5,5,4,4,4,4,4,4,4,4,4,3,3,5,3,4,3,3,3,3,5,3,4,3,3,3,4,3,4,4,4,4,5,4,
105,97,Complete,8,Teacher (Elementary School),,,,,,,,,,,,,,,,4,4,4,3,4,3,3,3,2,4,2,3,3,4,3,3,4,4,4,4,4,3,5,5,3,,4,3,4,4,4,4,4,3,3,3,4,2,3,3,3,3,4,3,3,3,
106,98,Complete,5,Parent,Two,,,,,,,,Fifth Grade,,Seventh Grade,,,,"College degree (BA, BS)",5,5,3,3,3,1,2,2,1,2,3,2,2,3,2,4,4,3,4,4,5,2,4,3,4,3,4,4,4,3,4,4,4,3,3,3,3,3,4,3,3,3,3,3,2,3,
107,99,Complete,10,Parent,Three,,,Kindergarten,,,,,Fifth Grade,,,,,,"College degree (BA, BS)",4,5,3,3,4,3,3,2,2,3,4,3,2,4,3,4,3,3,4,4,4,2,5,4,4,4,5,4,4,4,5,5,3,2,2,2,3,3,4,4,3,4,5,3,3,4,
108,100,Complete,10,Parent,Two,Pre-K 1,,,,,Third Grade,,,,,,,,"College degree (BA, BS)",5,5,5,5,5,4,4,5,4,4,5,4,4,5,4,4,4,5,5,5,5,5,5,5,5,5,5,5,5,5,5,5,5,5,5,5,4,5,4,5,5,5,5,5,5,5,
109,101,Complete,9,Teacher (Elementary School),,,,,,,,,,,,,,,,5,5,5,,5,,5,5,,,2,,,,,,,,5,,5,,5,5,,5,5,5,5,,5,5,2,,,,4,,4,,,5,,4,3,,
110,102,Complete,8,Administration,,,,,,,,,,,,,,,,5,,3,4,4,3,3,3,2,3,3,3,3,4,4,4,4,4,5,5,4,3,5,5,5,4,5,4,3,4,4,4,5,4,3,3,4,4,3,2,4,4,3,4,3,3,
111,103,Complete,3,Teacher (Seconday  School),,,,,,,,,,,,,,,,4,5,2,2,4,4,4,4,1,5,2,4,5,5,2,,5,5,5,4,3,5,5,5,5,4,4,5,4,4,4,5,5,5,4,4,5,4,3,3,3,4,4,4,3,3,
112,104,Complete,10,Non-teaching staff,,,,,,,,,,,,,,,,4,4,4,4,4,4,5,4,4,4,4,4,4,4,4,4,4,5,4,5,5,5,5,5,5,4,5,5,4,5,5,4,5,5,5,5,5,5,5,5,5,5,5,5,5,5,
113,105,Complete,5,Teacher (Elementary School),,,,,,,,,,,,,,,,3,5,3,4,4,2,,,3,3,2,3,,,,,,,4,4,4,,4,,3,,4,,3,,3,4,4,3,,4,4,,,,4,4,3,,3,,
114,106,Complete,10,Teacher (Elementary School),,,,,,,,,,,,,,,,2,2,2,2,3,2,2,4,2,2,2,2,2,2,2,2,3,3,3,4,5,2,4,4,1,3,3,3,2,3,3,3,3,3,3,2,2,2,2,2,3,2,2,3,3,2,
115,107,Complete,6,Teacher (Elementary School),,,,,,,,,,,,,,,,4,5,3,4,4,3,1,3,1,4,1,2,3,1,3,3,3,3,5,3,2,3,3,2,1,4,4,2,3,2,3,5,1,3,3,3,3,3,3,3,2,4,2,4,2,2,
116,108,Complete,10,Administration,,,,,,,,,,,,,,,,,,,,,,,,,,,,,,,,,,,,,,,,,,,,,,,,,,,,,,,,,,,,,,
117,109,Complete,5,Teacher (Elementary School),,,,,,,,,,,,,,,,4,4,4,4,5,2,3,3,2,1,4,2,4,4,,,,,5,5,5,4,4,5,5,5,5,4,4,4,4,4,2,4,4,4,4,4,4,,5,5,5,5,3,4,
118,110,Complete,5,Parent,Two,,,,,,Third Grade,,Fifth Grade,,,,,,"College degree (BA, BS)",3,3,3,3,4,3,3,3,3,3,4,3,3,3,3,3,4,4,5,5,5,3,4,4,4,4,4,3,3,3,3,4,4,4,3,3,4,4,4,4,3,3,4,3,3,3,
119,111,Complete,10,Parent,Two,,,Kindergarten,,,,Fourth Grade,,,,,,,"College degree (BA, BS)",4,4,4,4,4,4,4,4,4,4,4,4,4,4,5,4,4,4,5,5,5,4,5,5,5,5,5,4,5,5,5,5,4,4,4,4,4,4,4,4,5,4,5,5,4,4,
120,112,Complete,7,Parent,One,,,,,,,Fourth Grade,,,,,,,Masters degree,4,4,2,2,2,3,2,2,3,3,1,1,2,4,1,2,3,2,5,5,5,3,5,3,3,3,2,4,5,4,5,5,4,1,1,1,4,1,1,3,2,2,2,2,2,2,
121,113,Complete,10,Teacher (Elementary School),,,,,,,,,,,,,,,,,4,4,5,4,5,3,4,3,3,3,3,4,4,3,4,4,4,3,3,4,3,4,4,5,4,4,5,3,3,3,4,3,2,4,2,3,4,3,3,4,4,4,5,3,5,
122,114,Complete,7,Parent,One,,,,,,,,,,,Eighth Grade,,,"College degree (BA, BS)",1,1,3,3,3,3,2,2,2,2,2,2,2,2,3,2,2,2,4,4,4,3,3,3,2,4,3,3,3,3,3,3,4,3,3,4,2,3,3,3,4,3,3,3,3,3,
123,115,Complete,10,,Two,,,Kindergarten,First Grade,,,,,,,,,,"College degree (BA, BS)",4,4,3,3,4,3,3,3,3,3,3,3,3,3,2,3,3,3,4,4,4,2,3,4,3,3,3,3,4,3,3,4,4,3,3,3,3,3,3,4,3,3,3,3,3,3,
124,116,Complete,10,Parent,One,,,,First Grade,,,,,,,,,,Masters degree,4,5,4,4,4,4,4,4,4,5,5,4,4,5,3,2,5,3,5,5,4,4,5,5,5,5,5,5,5,5,5,5,5,4,4,4,4,4,4,4,4,4,4,4,4,4,
125,117,Complete,0,Parent,Two,,,,,Second Grade,,,,,,,,,"College degree (BA, BS)",3,5,2,1,1,1,1,1,2,2,2,2,1,3,1,2,1,1,4,4,3,3,1,1,3,2,2,2,2,1,3,3,3,1,1,1,1,,,,2,2,3,,,,
126,291,Incomplete,,,,,,,,,,,,,,,,,,,,,,,,,,,,,,,,,,,,,,,,,,,,,,,,,,,,,,,,,,,,,,,,
127,292,Incomplete,,,,,,,,,,,,,,,,,,,,,,,,,,,,,,,,,,,,,,,,,,,,,,,,,,,,,,,,,,,,,,,,
128,293,Incomplete,,,,,,,,,,,,,,,,,,,,,,,,,,,,,,,,,,,,,,,,,,,,,,,,,,,,,,,,,,,,,,,,
129,118,Complete,5,Teacher (Elementary School),,,,,,,,,,,,,,,,4,4,5,4,4,3,,,2,2,2,3,3,4,,,4,,4,4,4,,3,4,5,4,3,4,4,4,4,5,3,3,,3,3,,,,3,3,4,3,4,4,
130,119,Complete,7,Parent,One,,,,,,,,Fifth Grade,,,,,,"College degree (BA, BS)",3,4,3,3,3,3,3,3,3,4,3,3,3,3,3,3,3,3,4,4,4,3,4,4,4,3,3,3,4,4,4,4,3,2,3,2,3,3,3,2,3,3,3,3,3,3,
131,120,Complete,5,Parent,One,,,,First Grade,,,,,,,,,,Masters degree,3,4,3,4,4,2,3,3,3,2,4,3,3,4,2,2,3,2,4,4,4,2,5,3,4,4,4,3,3,4,3,3,3,2,3,2,3,2,2,2,3,4,4,4,3,3,
132,121,Complete,10,,One,,,,First Grade,,,,,,,,,,"College degree (BA, BS)",,,3,3,4,3,,,3,5,3,3,4,4,,,4,4,4,4,4,,5,,,,,,,4,4,4,,,,,4,,,,,,3,,,,
133,122,Complete,10,Parent,One,,,,,,,Fourth Grade,,,,,,,"College degree (BA, BS)",5,5,3,3,4,3,4,4,2,5,2,4,4,4,3,3,5,4,5,5,5,4,5,4,5,4,4,4,5,5,5,5,4,4,4,3,4,3,3,5,4,4,4,2,2,3,
134,123,Complete,10,Parent,One,,,,,,Third Grade,,,,,,,,Some college,5,5,5,5,5,5,4,4,4,4,4,4,4,4,4,5,4,5,5,5,5,5,5,5,5,5,5,5,5,5,5,5,5,5,5,5,5,5,5,5,5,5,5,5,5,5,
135,124,Complete,4,Teacher (Seconday  School),,,,,,,,,,,,,,,,4,3,3,3,3,2,2,2,1,,,,3,3,2,2,,2,4,4,4,,3,,,4,4,3,4,3,3,3,,,2,3,3,,2,,3,2,3,2,2,2,
136,125,Complete,2,Parent,One,,,,,Second Grade,,,,,,,,,Masters degree,5,5,4,1,1,1,2,2,2,3,3,3,2,2,2,2,2,2,5,5,5,2,5,3,3,5,2,3,3,3,5,5,5,3,2,2,1,3,3,3,2,2,2,2,2,2,
137,126,Complete,7,Parent,One,,,,,,,,Fifth Grade,,,,,,"College degree (BA, BS)",4,4,4,4,4,4,3,3,2,4,4,4,4,4,,,4,4,5,5,4,2,4,4,,,4,4,5,5,5,5,4,3,3,3,3,3,3,3,2,4,3,5,2,3,
138,127,Complete,10,Parent,One,,,,,Second Grade,,,,,,,,,"College degree (BA, BS)",3,4,4,4,3,3,4,4,3,4,3,3,4,4,3,3,4,3,4,4,4,4,5,4,,4,4,4,3,,4,4,4,3,4,3,3,3,4,3,4,4,4,4,3,4,
139,128,Complete,8,Non-teaching staff,,,,,,,,,,,,,,,,4,5,5,5,5,5,5,5,5,5,5,5,5,5,5,5,5,5,5,5,5,5,5,5,5,5,5,5,5,5,5,5,5,5,5,5,5,5,5,5,5,5,5,5,5,5,
140,129,Complete,10,Teacher (Elementary School),,,,,,,,,,,,,,,,4,5,5,5,4,4,4,4,,3,,3,4,5,3,3,5,5,5,5,5,3,4,5,5,3,3,4,4,4,5,5,5,5,4,4,4,4,3,5,4,4,4,4,4,4,
141,130,Complete,5,Teacher (Elementary School),,,,,,,,,,,,,,,,,2,,5,5,2,,,1,4,1,1,,5,1,,5,,5,2,5,,5,5,3,5,,,5,5,5,5,5,1,3,5,4,5,5,,5,5,,5,2,2,
142,131,Complete,7,Parent,Two,,,Kindergarten,,,,,,Sixth Grade,,,,,"College degree (BA, BS)",4,4,3,4,4,3,2,2,2,3,2,3,3,3,3,2,3,2,4,4,4,2,4,4,,4,3,4,2,3,2,4,3,3,2,3,2,4,3,3,3,3,3,4,3,3,
143,295,Incomplete,,,,,,,,,,,,,,,,,,,,,,,,,,,,,,,,,,,,,,,,,,,,,,,,,,,,,,,,,,,,,,,,
144,132,Complete,7,Teacher (Seconday  School),,,,,,,,,,,,,,,,2,2,3,,3,3,3,3,2,2,1,3,3,2,2,3,3,2,5,3,4,4,4,4,3,4,3,2,3,4,4,4,3,3,3,3,3,4,4,3,3,4,2,4,2,2,
145,133,Complete,7,Parent,One,,,,First Grade,,,,,,,,,,"College degree (BA, BS)",,,,,5,4,3,3,4,4,4,4,4,4,4,4,4,4,5,5,5,4,5,5,5,5,5,4,5,5,5,5,5,5,5,5,4,4,4,2,4,4,4,4,4,4,
146,134,Complete,10,Parent,Two,,,Kindergarten,First Grade,,,,,,,,,,"College degree (BA, BS)",5,5,4,5,5,5,5,5,5,5,5,5,5,5,4,4,5,5,5,5,5,5,5,5,5,5,5,5,5,5,5,5,5,5,5,5,5,5,5,5,5,5,5,5,4,4,
147,135,Complete,5,Teacher (Elementary School),,,,,,,,,,,,,,,,4,5,3,3,4,3,3,3,3,2,2,2,3,3,3,3,3,3,5,5,5,4,4,4,4,3,3,4,4,3,3,3,5,4,3,4,4,4,4,4,5,4,3,4,3,3,
148,136,Complete,4,Parent,One,,,,,,,,,Sixth Grade,,,,,Masters degree,3,3,2,2,3,2,,,1,4,4,2,,,,,1,3,4,4,4,,4,3,,4,3,,2,3,4,4,4,2,1,1,,3,3,,2,,,3,3,,
149,137,Complete,10,Teacher (Elementary School),,,,,,,,,,,,,,,,5,5,4,5,4,4,5,5,4,5,4,4,4,5,3,3,4,4,5,5,5,5,5,5,5,4,4,5,5,5,5,5,4,4,5,4,4,5,5,4,5,5,5,5,4,5,
150,138,Complete,7,Parent,One,,,,,Second Grade,,,,,,,,,Masters degree,2,4,,,,,,,,,,,,,,,,,,,,,,,,,,,3,4,2,4,4,4,3,4,4,3,2,1,4,3,4,,4,,
151,139,Complete,8,Administration,,,,,,,,,,,,,,,,4,5,5,4,5,4,5,4,4,4,4,4,4,5,3,4,5,5,5,5,5,4,5,5,5,5,5,5,5,5,4,4,4,4,5,4,4,4,4,5,5,5,5,5,5,5,
152,140,Complete,10,Parent,One,,,,First Grade,,,,,,,,,,Masters degree,3,3,3,3,3,4,3,3,3,4,4,4,3,4,4,3,4,4,4,4,4,3,4,4,4,4,4,4,4,4,4,4,4,4,4,4,4,4,4,4,3,4,4,4,4,4,
153,141,Complete,10,Administration,,,,,,,,,,,,,,,,3,3,2,2,3,3,3,5,4,3,1,2,3,2,3,2,4,3,3,2,3,3,3,3,1,4,3,3,1,1,1,2,2,2,3,2,5,3,3,3,3,3,2,2,2,2,
154,296,Incomplete,,,,,,,,,,,,,,,,,,,,,,,,,,,,,,,,,,,,,,,,,,,,,,,,,,,,,,,,,,,,,,,,
155,297,Incomplete,,,,,,,,,,,,,,,,,,,,,,,,,,,,,,,,,,,,,,,,,,,,,,,,,,,,,,,,,,,,,,,,
156,142,Complete,10,Parent,Two,,,Kindergarten,,Second Grade,,,,,,,,,Masters degree,1,3,,,,,,,,,,4,4,4,3,3,4,4,5,5,5,3,5,4,,4,5,4,5,5,4,5,4,4,4,3,4,5,5,5,4,5,4,5,5,5,
157,298,Incomplete,,,,,,,,,,,,,,,,,,,,,,,,,,,,,,,,,,,,,,,,,,,,,,,,,,,,,,,,,,,,,,,,
158,143,Complete,6,Teacher (Elementary School),,,,,,,,,,,,,,,,3,5,2,3,3,3,4,4,2,3,5,4,3,4,3,3,4,4,4,4,3,4,4,4,4,4,3,4,4,4,5,5,4,4,4,3,2,2,3,3,3,3,3,4,3,3,
159,144,Complete,10,Parent,Two,,,,,Second Grade,,,Fifth Grade,,,,,,Masters degree,3,4,3,4,3,4,3,3,2,5,2,3,4,4,2,3,4,4,4,4,4,4,4,4,4,5,4,4,5,5,5,5,5,4,3,4,3,3,3,3,4,4,4,4,3,4,
160,145,Complete,9,Parent,One,,,,,,,,Fifth Grade,,,,,,"College degree (BA, BS)",4,4,4,4,5,3,3,4,3,3,4,4,3,4,4,4,4,4,5,5,5,3,5,5,5,5,5,5,5,5,5,5,4,3,4,3,4,5,4,5,4,4,5,4,3,5,
161,146,Complete,10,,One,,,,,,,,Fifth Grade,,,,,,"College degree (BA, BS)",2,2,3,2,3,1,,2,2,3,,2,,3,1,2,3,3,4,4,3,,4,3,4,4,5,3,2,3,1,2,2,3,2,3,3,,3,,4,3,4,3,3,3,
162,148,Complete,8,,One,,,,First Grade,,,,,,,,,,Masters degree,4,5,3,4,4,3,3,3,3,3,3,3,3,3,2,2,3,3,3,3,2,1,3,2,3,3,3,3,2,3,2,3,3,2,2,2,1,2,2,2,2,3,3,3,2,3,
163,149,Complete,7,Parent,One,,,,,,,Fourth Grade,,,,,,,Some college,3,4,3,3,4,3,3,3,3,4,3,3,3,3,2,2,4,3,4,4,3,3,4,4,3,3,3,3,4,4,4,4,3,3,3,3,4,3,3,3,3,3,3,3,3,3,
164,147,Complete,5,Parent,One,,,,First Grade,,,,,,,,,,Some college,4,4,4,3,4,4,4,4,4,4,4,4,4,4,3,3,4,3,4,4,4,4,4,4,4,4,4,3,4,4,4,4,4,4,4,3,4,4,4,4,4,4,4,4,4,4,
165,150,Complete,7,Teacher (Seconday  School),,,,,,,,,,,,,,,,3,4,4,4,3,3,2,3,2,2,2,3,3,4,3,2,3,3,5,5,5,3,5,5,4,3,3,4,4,4,5,4,4,4,3,3,4,4,4,3,4,3,3,4,3,3,
166,81,Complete,10,,One,,,,First Grade,,,,,,,,,,Masters degree,5,5,5,4,5,5,5,5,5,5,,5,4,5,,,5,,5,5,4,,5,5,,5,5,5,5,5,5,5,,5,5,4,5,5,,,5,5,5,,5,5,
167,151,Complete,8,Teacher (Elementary School),,,,,,,,,,,,,,,,4,5,4,5,4,4,4,4,3,3,5,4,5,4,3,3,3,4,4,5,4,4,5,4,4,4,4,4,4,4,4,4,4,4,4,4,4,3,3,3,4,4,5,4,4,5,
168,152,Complete,9,Parent,Two,,,,,Second Grade,,,Fifth Grade,,,,,,Masters degree,2,3,2,3,3,1,1,2,2,3,2,2,2,2,1,4,3,3,5,4,4,1,4,3,2,3,3,3,4,3,3,4,4,2,2,2,2,3,2,2,2,4,3,3,2,2,
169,299,Incomplete,,,,,,,,,,,,,,,,,,,,,,,,,,,,,,,,,,,,,,,,,,,,,,,,,,,,,,,,,,,,,,,,
170,153,Complete,9,Teacher (Elementary School),,,,,,,,,,,,,,,,4,5,4,4,4,2,3,2,3,3,2,3,3,3,2,2,4,3,5,4,4,3,4,5,4,4,3,5,4,4,4,4,3,3,3,3,4,4,4,4,3,3,2,3,1,2,
171,154,Complete,10,Parent,One,,,,,,,,Fifth Grade,,,,,,"College degree (BA, BS)",5,5,5,5,5,5,5,5,4,4,5,5,5,5,5,5,5,5,5,5,5,4,5,5,5,5,5,5,5,5,5,5,5,5,5,5,5,5,5,5,5,5,5,5,5,5,
172,155,Complete,7,Parent,Two,,,,,,Third Grade,,,,,Eighth Grade,,,"College degree (BA, BS)",3,1,2,3,3,4,3,3,3,4,2,3,3,3,2,2,3,3,3,3,3,3,3,4,3,3,3,3,4,3,4,4,1,3,4,2,3,3,2,2,3,3,3,4,3,3,
173,156,Complete,0,Parent,One,,,,,,,,Fifth Grade,,,,,,Masters degree,3,3,1,2,2,2,1,1,2,4,1,2,2,2,1,1,2,1,3,3,3,1,4,1,1,2,2,2,1,1,1,3,2,1,1,2,1,2,1,3,2,2,1,2,1,1,
174,157,Complete,5,Teacher (Elementary School),,,,,,,,,,,,,,,,3,3,4,4,3,3,3,3,2,3,3,3,3,4,2,2,4,3,4,2,4,3,4,4,4,4,4,2,3,3,4,5,3,4,3,4,5,3,2,4,4,4,3,4,2,2,
175,158,Complete,10,Teacher (Elementary School),,,,,,,,,,,,,,,,5,2,3,2,5,4,5,5,5,5,5,5,2,2,2,,5,4,2,2,1,1,4,3,3,4,4,2,5,5,5,5,5,3,2,3,5,4,1,5,1,4,1,4,1,1,
176,159,Complete,7,,Two,,,Kindergarten,First Grade,,,,,,,,,,"College degree (BA, BS)",3,3,3,4,4,4,4,4,3,4,3,4,4,3,4,3,4,4,5,5,4,2,3,3,3,3,3,4,3,3,3,3,3,4,3,4,3,3,3,3,4,4,3,3,3,3,
177,160,Complete,7,Teacher (Seconday  School),,,,,,,,,,,,,,,,4,5,3,4,3,3,5,5,3,3,3,3,4,4,3,3,2,3,5,5,5,5,5,5,5,3,3,3,4,4,4,4,3,3,4,4,,,,,3,4,4,5,5,4,
178,161,Complete,5,Teacher (Seconday  School),,,,,,,,,,,,,,,,4,5,3,3,3,2,3,4,1,2,2,2,4,4,3,3,5,3,4,4,4,4,3,3,5,4,3,3,4,3,4,4,3,3,2,2,4,2,3,3,3,3,3,4,3,3,
179,162,Complete,9,Non-teaching staff,,,,,,,,,,,,,,,,4,4,4,4,4,4,4,4,3,3,3,3,4,5,4,4,5,5,5,5,5,3,5,5,5,4,4,5,4,5,5,5,5,4,4,5,4,5,3,5,4,4,4,4,4,4,
180,163,Complete,8,Non-teaching staff,,,,,,,,,,,,,,,,4,4,4,4,4,4,4,4,4,4,4,4,4,4,4,4,4,4,5,5,5,4,5,5,4,4,4,4,4,4,4,4,5,5,4,4,4,4,4,4,5,5,5,5,4,5,
181,164,Complete,6,Teacher (Elementary School),,,,,,,,,,,,,,,,4,4,3,3,3,3,3,3,1,3,2,3,2,4,2,2,2,3,4,4,4,3,4,3,4,4,4,4,4,4,4,4,4,2,3,4,3,3,2,4,5,4,3,4,3,3,
182,165,Complete,8,Teacher (Elementary School),,,,,,,,,,,,,,,,4,5,3,5,4,3,4,5,4,4,3,4,4,5,3,4,4,5,4,5,5,3,5,5,4,4,3,4,5,4,4,4,4,3,4,3,3,3,5,3,5,5,4,5,4,4,
183,166,Complete,8,Non-teaching staff,,,,,,,,,,,,,,,,4,5,4,4,4,4,4,4,4,4,4,4,4,4,4,4,4,4,4,4,4,5,4,4,4,5,4,4,4,4,4,4,4,4,4,4,4,4,4,4,4,4,4,4,4,4,
184,167,Complete,8,Non-teaching staff,,,,,,,,,,,,,,,,3,5,,,,4,5,,3,,,3,5,5,2,,,,3,3,3,,,,,3,,3,4,4,4,4,4,,,,,,,,,,,,,,
185,168,Complete,10,,Two,,,,,,Third Grade,,,,,,Ninth Grade,,Some college,,,3,3,5,3,,,2,2,2,3,3,3,4,3,3,3,4,4,4,,5,4,,3,3,3,4,4,4,4,4,2,3,3,4,3,,4,3,3,3,4,3,3,
186,169,Complete,10,Parent,One,,,,,,Third Grade,,,,,,,,Masters degree,5,2,1,2,2,2,2,2,2,4,4,3,2,3,2,2,2,2,4,4,4,2,3,3,3,3,3,3,3,2,2,3,3,3,2,2,2,1,2,3,3,2,2,3,3,2,
187,170,Complete,9,Teacher (Elementary School),,,,,,,,,,,,,,,,5,5,3,4,4,4,,,3,3,3,3,4,3,,4,5,5,4,5,5,,4,4,5,4,4,4,4,3,4,4,4,3,4,3,5,5,5,5,5,4,3,5,4,4,
188,171,Complete,0,Parent,One,,,,,,,,,Sixth Grade,,,,,Masters degree,3,3,2,3,4,4,4,4,4,4,4,4,4,4,2,3,5,4,5,5,5,5,5,5,5,5,5,5,5,5,5,4,5,4,3,3,5,5,5,5,4,3,3,4,4,3,
189,172,Complete,0,,None,,,,,,,,,,,,,None of the above,"College degree (BA, BS)",1,2,1,2,3,1,2,2,1,3,1,1,2,1,1,,5,2,4,3,3,4,2,2,1,,1,1,2,2,3,5,2,1,1,1,,,,,,3,1,3,1,1,
190,173,Complete,7,Parent,One,,,,,Second Grade,,,,,,,,,Masters degree,3,3,3,3,4,3,3,3,3,4,3,4,4,3,3,4,4,4,4,3,3,3,3,3,3,4,4,3,3,4,4,3,3,2,2,2,4,4,3,3,3,4,3,3,4,3,
191,174,Complete,9,Parent,Three,,,Kindergarten,,,,Fourth Grade,,,Seventh Grade,,,,Masters degree,5,5,4,4,5,4,,,3,4,4,4,4,,,4,4,4,5,5,5,4,5,5,5,4,5,5,4,,4,5,5,5,4,4,5,5,4,4,4,4,4,5,4,,
192,175,Complete,7,Administration,,,,,,,,,,,,,,,,5,5,4,4,4,4,4,4,2,3,2,3,4,5,4,4,4,4,4,4,4,4,4,4,4,4,4,4,3,3,3,4,4,4,4,4,4,4,4,4,4,4,4,4,4,4,
193,176,Complete,8,Teacher (Elementary School),,,,,,,,,,,,,,,,5,5,4,4,3,4,4,4,4,4,4,4,4,4,3,3,3,3,4,4,4,4,4,4,4,3,3,4,4,3,4,4,4,3,3,3,4,4,4,3,4,4,4,4,3,3,
194,177,Complete,0,,Two,,,,First Grade,,Third Grade,,,,,,,,"College degree (BA, BS)",,,4,3,2,4,,4,1,4,1,3,4,4,4,4,4,3,5,5,5,4,5,4,,4,4,4,3,4,4,4,5,3,3,2,4,4,4,3,4,4,4,4,1,,
195,178,Complete,9,,One,,,,First Grade,,,,,,,,,,"College degree (BA, BS)",3,3,4,4,4,4,4,4,3,4,3,4,4,4,4,4,4,4,4,4,4,3,4,4,3,4,4,4,4,4,4,4,4,3,3,3,4,3,3,3,4,4,4,3,3,3,
196,304,Incomplete,,,,,,,,,,,,,,,,,,,,,,,,,,,,,,,,,,,,,,,,,,,,,,,,,,,,,,,,,,,,,,,,
197,180,Incomplete,8,Administration,,,,,,,,,,,,,,,,,,,,,,,,,,,,,,,,,,,,,,,,,,,,,,,,,,,,,,,,,,,,,,
198,181,Complete,10,Parent,One,,,,,,,,,Sixth Grade,,,,,"College degree (BA, BS)",4,4,4,3,4,2,2,3,3,4,4,3,1,4,3,3,4,3,4,5,5,1,5,3,3,4,4,4,4,4,4,4,4,2,2,3,3,4,4,3,3,3,4,5,4,4,
199,182,Complete,7,Teacher (Elementary School),,,,,,,,,,,,,,,,2,3,2,4,5,1,1,1,1,4,1,1,1,1,2,3,3,1,2,1,2,1,3,2,1,4,1,1,4,,3,3,4,3,1,3,3,,,,4,4,3,4,1,1,
200,179,Complete,5,Non-teaching staff,,,,,,,,,,,,,,,,3,3,3,3,3,,3,3,2,3,3,3,4,4,,3,4,3,4,4,4,4,3,3,4,4,4,3,3,3,3,3,4,4,3,4,3,3,4,4,4,3,3,3,3,3,
201,183,Complete,10,Parent,One,,,,,,,,,Sixth Grade,,,,,"College degree (BA, BS)",4,4,3,3,3,3,4,4,3,4,3,4,4,3,3,3,4,3,4,4,4,3,4,4,5,4,4,4,4,4,4,4,3,3,3,3,3,4,4,4,4,3,4,3,3,3,
202,184,Complete,10,Parent,One,,,,,,,,,Sixth Grade,,,,,Some college,3,4,2,3,3,2,3,3,3,2,3,3,2,3,3,3,3,3,3,4,3,3,4,4,3,3,3,3,4,5,5,5,4,4,3,3,3,3,3,3,4,4,4,5,5,4,
203,185,Complete,10,Administration,,,,,,,,,,,,,,,,5,5,4,4,,3,5,3,3,5,4,3,4,4,3,3,4,4,5,5,5,5,5,5,5,5,5,5,5,5,5,5,5,5,5,5,4,4,4,5,5,5,5,4,4,4,
204,186,Complete,7,Administration,,,,,,,,,,,,,,,,4,3,4,4,3,3,3,3,3,4,3,3,2,4,2,2,4,2,5,2,5,3,4,4,3,4,4,3,4,4,3,4,5,3,2,4,4,3,3,4,3,3,4,3,3,4,
205,187,Complete,6,Teacher (Elementary School),,,,,,,,,,,,,,,,3,4,3,4,4,2,3,3,4,3,4,4,3,4,3,3,4,4,4,4,4,3,4,4,4,3,3,3,4,4,4,4,4,3,3,4,4,3,3,3,3,4,4,4,3,3,
206,188,Complete,10,Parent,One,,,,,Second Grade,,,,,,,,,"College degree (BA, BS)",3,3,3,3,3,3,3,3,3,3,3,3,3,3,3,3,3,3,3,3,3,2,3,3,3,3,4,3,2,2,2,3,3,3,4,3,2,3,2,2,3,3,4,4,3,4,
207,189,Complete,10,Parent,One,,,,,,Third Grade,,,,,,,,Masters degree,1,3,2,5,4,3,3,3,3,3,4,3,3,3,4,4,4,3,5,5,5,4,5,5,5,5,4,4,4,4,4,4,4,3,3,2,3,3,4,3,4,5,4,4,4,4,
208,305,Incomplete,,,,,,,,,,,,,,,,,,,,,,,,,,,,,,,,,,,,,,,,,,,,,,,,,,,,,,,,,,,,,,,,
209,190,Complete,6,Teacher (Elementary School),,,,,,,,,,,,,,,,3,4,3,3,4,3,3,3,1,2,3,2,3,3,2,3,3,3,5,3,4,3,5,4,3,3,3,3,3,4,4,5,5,3,3,3,3,3,2,3,4,4,3,5,2,3,
210,191,Complete,8,Parent,One,,,,,,,,,,,Eighth Grade,,,Masters degree,4,4,3,3,4,3,3,3,3,4,4,3,3,4,2,3,4,4,4,4,4,3,4,3,4,4,4,4,4,3,4,4,3,4,3,3,4,3,3,4,4,4,4,4,4,4,
211,192,Complete,10,,One,,,,,Second Grade,,,,,,,,,Masters degree,4,4,3,3,4,3,4,3,3,4,4,4,3,4,3,3,3,3,4,4,4,4,4,4,4,4,3,3,4,4,4,4,3,2,3,2,3,2,3,2,3,3,4,3,3,3,
212,193,Complete,8,Teacher (Elementary School),,,,,,,,,,,,,,,,3,3,2,2,4,1,2,2,1,1,4,2,1,4,1,2,3,3,3,3,3,1,3,1,4,4,4,4,2,2,2,2,2,2,2,4,2,1,2,2,3,4,4,3,2,2,
213,194,Complete,8,Non-teaching staff,,,,,,,,,,,,,,,,4,4,,,3,3,,,3,,5,3,4,3,3,4,2,3,5,5,5,4,4,4,5,4,3,3,5,5,5,4,4,,,,3,4,4,3,4,4,4,5,3,4,
214,195,Complete,5,Non-teaching staff,,,,,,,,,,,,,,,,4,4,4,4,4,4,4,4,3,3,4,4,3,4,4,4,4,4,4,4,4,4,4,4,4,4,4,4,4,4,3,4,3,4,4,4,4,4,4,4,4,4,4,4,4,4,
215,196,Complete,6,Parent,One,,,,,Second Grade,,,,,,,,,Masters degree,3,3,4,4,4,4,3,3,4,4,4,4,3,4,3,3,3,3,4,4,4,3,4,4,4,4,4,4,4,4,4,4,4,3,3,3,3,4,3,3,3,3,3,3,3,3,
216,197,Complete,7,Parent,Two,,,Kindergarten,,,,,,Sixth Grade,,,,,"College degree (BA, BS)",3,5,3,2,4,3,,,3,4,,3,3,,2,2,3,3,4,4,4,3,4,4,,4,3,4,4,4,5,5,4,4,4,,4,4,4,3,3,4,3,3,3,,
217,306,Incomplete,,,,,,,,,,,,,,,,,,,,,,,,,,,,,,,,,,,,,,,,,,,,,,,,,,,,,,,,,,,,,,,,
218,198,Complete,5,Parent,One,,,,,Second Grade,,,,,,,,,"College degree (BA, BS)",1,,,,3,3,3,3,3,4,3,3,3,3,3,3,2,3,5,5,4,2,3,3,,3,3,3,4,4,4,4,4,3,3,3,2,,3,,4,3,4,3,3,,
219,199,Complete,10,Parent,Two,,,,First Grade,,,,,,,,,,"College degree (BA, BS)",5,5,4,4,4,1,,,,,,,,,1,3,5,,4,5,5,1,5,4,,,,3,4,4,4,5,3,4,,3,4,,,,4,4,5,3,,,
220,200,Complete,5,Parent,Three,,,Kindergarten,,Second Grade,,,,,,,,,Masters degree,3,3,3,3,3,2,2,2,2,2,2,2,2,3,2,2,2,2,3,2,2,2,2,2,2,2,2,2,1,1,2,2,2,2,2,2,2,3,3,3,3,3,3,3,3,3,
221,201,Complete,7,Parent,One,,,,,,Third Grade,,,,,,,,"College degree (BA, BS)",2,2,3,3,3,3,3,3,3,4,3,3,3,3,4,3,3,3,4,4,4,3,4,4,4,4,3,3,4,3,3,3,4,3,3,2,3,3,3,2,3,3,3,3,3,3,
222,202,Complete,6,Parent,One,,,,First Grade,,,,,,,,,,Masters degree,4,4,3,3,4,3,3,3,4,4,3,3,4,3,2,3,4,4,4,4,4,3,4,4,4,4,4,4,3,4,4,4,4,2,3,2,3,4,3,3,3,3,4,3,3,3,
223,203,Complete,10,Parent,Two,,,,First Grade,,,,,Sixth Grade,,,,,"College degree (BA, BS)",4,5,2,3,4,3,,,2,3,2,3,2,4,2,3,3,3,5,5,4,,5,5,,4,4,4,4,4,4,4,4,2,3,2,4,3,3,1,3,3,4,,,,
224,204,Complete,5,Parent,One,,,,,,,Fourth Grade,,,,,,,"College degree (BA, BS)",3,3,3,3,3,2,2,3,3,4,4,3,3,3,3,3,3,3,4,4,4,2,3,3,3,3,3,3,3,3,3,3,3,3,2,2,2,3,3,3,3,3,3,3,3,3,
225,307,Incomplete,,,,,,,,,,,,,,,,,,,,,,,,,,,,,,,,,,,,,,,,,,,,,,,,,,,,,,,,,,,,,,,,
226,205,Complete,8,Parent,One,,,,,,,,Fifth Grade,,,,,,Masters degree,3,3,4,3,4,3,3,3,2,3,3,3,2,3,2,2,3,3,4,4,5,1,5,3,4,4,4,4,5,5,5,5,5,5,4,5,2,4,4,3,4,4,4,3,3,3,
227,206,Complete,7,Parent,Two,,,Kindergarten,,,Third Grade,,,,,,,,"College degree (BA, BS)",3,3,4,3,3,3,4,2,4,4,4,4,2,4,2,2,3,3,4,4,4,3,4,3,,4,3,4,3,3,4,4,4,4,4,3,3,3,3,3,3,3,3,3,3,4,
228,207,Complete,3,,One,,,,,Second Grade,,,,,,,,,,1,1,2,1,1,2,1,1,2,1,1,1,2,2,1,1,2,1,2,2,2,2,2,2,2,2,2,2,1,1,1,2,3,2,1,2,2,1,1,1,2,2,2,2,2,2,
229,208,Complete,10,Teacher (Elementary School),,,,,,,,,,,,,,,,5,5,5,4,5,4,5,5,5,4,5,5,5,5,4,5,4,5,5,5,5,5,5,5,5,4,4,5,4,4,5,4,4,5,5,4,4,4,5,5,5,5,4,5,4,5,
230,209,Complete,7,Parent,One,,,,,,,,Fifth Grade,,,,,,Masters degree,3,3,3,3,3,3,,,3,4,4,3,,,3,3,3,3,4,4,4,3,4,3,3,4,4,4,4,4,4,4,4,3,3,3,3,3,3,3,4,3,4,3,3,3,
231,210,Complete,8,Parent,One,,,,,,,,,,Seventh Grade,,,,Some college,3,4,3,3,4,3,4,4,3,4,4,3,3,4,2,3,3,4,4,4,4,3,4,4,3,4,4,4,3,3,3,4,3,3,3,2,3,4,3,3,3,3,4,4,3,3,
232,211,Complete,2,Parent,One,,,,First Grade,,,,,,,,,,Masters degree,5,5,4,4,5,4,,4,3,4,4,4,4,5,3,3,4,3,5,5,5,4,5,5,5,4,4,4,5,5,5,5,5,4,4,4,4,4,4,4,4,4,4,4,4,4,
233,212,Complete,8,Parent,Two,,,Kindergarten,,,,,,,Seventh Grade,,,,"College degree (BA, BS)",5,5,5,3,2,2,,,3,3,4,3,3,4,,,5,3,4,5,5,3,5,5,4,4,4,4,5,5,5,5,4,5,3,3,2,3,3,4,4,4,4,5,5,5,
234,213,Complete,9,Parent,One,,,,,,Third Grade,,,,,,,,Masters degree,3,4,3,3,4,4,5,5,3,4,4,4,4,4,2,1,4,3,5,4,4,4,4,4,4,4,4,4,5,5,5,5,4,3,4,4,5,4,4,3,3,4,4,3,4,4,
235,214,Complete,8,Non-teaching staff,,,,,,,,,,,,,,,,5,5,4,4,3,2,3,3,2,3,,2,2,2,2,3,4,3,4,4,3,1,2,2,1,3,3,3,3,3,2,2,3,3,1,4,2,2,3,4,2,3,3,2,2,1,
236,215,Complete,9,Teacher (Elementary School),,,,,,,,,,,,,,,,3,4,3,3,3,3,5,3,3,3,3,2,4,2,2,4,4,3,5,3,5,3,5,5,3,4,4,3,3,4,4,5,4,4,4,4,4,4,5,3,3,4,3,4,3,3,
237,216,Complete,8,Parent,Two,Pre-K 1,,,,,,,,Sixth Grade,,,,,Doctorate degree,4,4,3,3,4,3,4,3,3,4,4,4,4,4,3,3,3,4,4,4,3,3,4,4,4,4,4,4,4,4,4,5,4,3,3,3,3,3,4,4,4,3,4,4,3,3,
238,217,Complete,10,Parent,One,,,,,,Third Grade,,,,,,,,"College degree (BA, BS)",3,5,4,4,4,4,3,3,5,5,4,4,4,4,3,3,4,4,4,5,5,3,5,5,5,5,5,4,4,5,5,5,4,4,4,4,4,4,4,3,4,4,4,4,4,3,
239,218,Complete,3,Teacher (Seconday  School),,,,,,,,,,,,,,,,5,5,2,2,4,2,3,3,1,3,1,1,3,4,2,2,5,3,4,2,2,2,4,5,4,2,3,2,3,3,3,5,4,4,2,3,4,5,4,5,3,3,4,2,1,1,
240,219,Complete,9,Teacher (Elementary School),,,,,,,,,,,,,,,,,5,4,4,4,3,4,4,4,4,4,4,4,4,3,3,3,3,3,4,4,3,4,3,,,4,4,4,5,4,3,4,3,4,4,4,3,3,4,4,4,4,4,4,3,
241,308,Incomplete,,,,,,,,,,,,,,,,,,,,,,,,,,,,,,,,,,,,,,,,,,,,,,,,,,,,,,,,,,,,,,,,
242,220,Complete,8,Non-teaching staff,,,,,,,,,,,,,,,,3,4,,,,3,,,,,,,3,,3,3,,3,4,4,3,,4,,,,,3,3,3,3,4,3,,,,,,,,,,,,,,
243,221,Complete,8,Teacher (Seconday  School),,,,,,,,,,,,,,,,4,4,3,4,2,2,2,5,1,1,1,1,3,2,4,4,4,4,4,2,2,4,4,4,2,2,4,4,4,2,2,4,4,4,3,4,1,3,2,4,4,4,4,4,1,2,
244,222,Complete,5,Parent,One,,,,,Second Grade,,,,,,,,,Masters degree,3,3,3,3,4,2,3,3,4,4,4,3,2,4,2,2,2,3,4,5,5,2,3,3,4,4,5,4,3,3,4,5,4,3,3,4,3,4,4,3,4,4,4,4,4,3,
245,223,Complete,7,Parent,One,,,,First Grade,,,,,,,,,,Masters degree,4,4,3,4,4,3,4,4,4,3,3,4,3,3,3,3,4,3,4,4,5,3,4,3,3,4,4,4,4,4,4,4,5,5,4,4,3,3,4,3,4,3,4,3,3,3,
246,309,Incomplete,,,,,,,,,,,,,,,,,,,,,,,,,,,,,,,,,,,,,,,,,,,,,,,,,,,,,,,,,,,,,,,,
247,224,Complete,10,Parent,One,,,,,,,Fourth Grade,,,,,,,Some college,4,4,4,4,4,4,3,3,4,4,4,4,4,4,4,3,4,5,5,5,5,5,5,5,5,5,5,5,5,5,5,5,5,3,5,5,5,5,5,5,3,3,3,3,3,3,
248,225,Complete,9,Administration,,,,,,,,,,,,,,,,5,5,3,3,3,3,5,3,3,3,3,3,3,3,3,3,3,3,4,4,4,3,4,4,3,4,4,4,4,4,4,4,4,3,3,3,4,3,3,3,3,3,3,3,3,3,
249,226,Complete,8,Teacher (Elementary School),,,,,,,,,,,,,,,,5,5,4,4,4,3,5,4,2,2,3,3,4,5,4,3,4,5,5,5,3,3,5,5,1,4,3,5,4,4,4,5,5,4,5,3,5,5,5,5,5,5,5,4,3,4,
250,227,Complete,7,Parent,One,,,,,,,Fourth Grade,,,,,,,Doctorate degree,1,1,1,1,1,1,2,2,2,4,3,3,1,1,,,3,2,5,3,4,1,4,3,,,2,3,3,2,4,4,2,2,2,2,3,3,2,1,4,3,,,4,,
251,311,Incomplete,,,,,,,,,,,,,,,,,,,,,,,,,,,,,,,,,,,,,,,,,,,,,,,,,,,,,,,,,,,,,,,,
252,228,Complete,8,Parent,Two,,,,First Grade,,Third Grade,,,,,,,,Masters degree,,,3,4,4,2,,,4,4,4,4,,4,2,3,5,4,4,5,5,2,4,3,5,4,4,4,3,3,4,4,4,3,4,4,4,4,4,5,3,4,5,5,4,5,
253,229,Complete,10,Parent,Two,,,,First Grade,,Third Grade,,,,,,,,"College degree (BA, BS)",3,5,3,3,3,2,,,1,3,3,3,2,,2,2,2,2,4,4,4,3,4,4,4,3,4,3,3,4,4,4,4,2,2,2,2,3,,4,3,3,4,4,2,3,
254,230,Complete,5,Parent,One,,,,,,,,Fifth Grade,,,,,,"College degree (BA, BS)",3,5,4,4,5,4,2,2,3,2,,2,2,4,2,3,4,4,4,5,4,1,5,4,,4,4,4,3,4,4,4,5,3,3,3,3,4,4,4,4,4,3,4,3,2,
255,231,Complete,0,Parent,One,,,,,,,,,Sixth Grade,,,,,Masters degree,5,5,3,3,4,1,4,4,5,5,5,4,1,1,1,2,3,3,5,5,5,1,5,5,5,5,5,4,5,5,5,5,5,5,3,3,3,5,5,3,5,3,5,5,5,5,
256,232,Complete,5,Parent,One,,,,,,,Fourth Grade,,,,,,,Masters degree,3,4,3,4,4,3,2,2,4,4,4,3,3,4,3,3,4,4,5,5,5,3,5,4,5,5,4,4,4,4,4,4,3,3,3,3,3,3,3,3,3,3,4,4,4,3,
257,233,Complete,10,Non-teaching staff,,,,,,,,,,,,,,,,5,5,4,4,4,3,5,3,3,5,5,5,5,5,3,3,3,3,5,5,5,3,4,4,3,4,4,4,3,3,3,3,4,3,3,3,4,3,3,3,4,4,4,4,3,3,
258,234,Complete,10,Non-teaching staff,,,,,,,,,,,,,,,,5,5,3,3,4,3,5,3,2,3,3,3,5,4,3,1,5,5,5,5,4,4,5,5,3,5,5,5,4,4,5,5,4,3,3,3,4,3,1,5,3,3,5,4,4,4,
259,235,Complete,10,Non-teaching staff,,,,,,,,,,,,,,,,4,5,3,3,3,3,3,3,3,3,3,3,4,3,4,3,3,3,4,4,5,3,3,3,4,4,3,3,3,3,4,3,4,3,3,3,4,4,4,4,4,3,4,4,3,4,
260,236,Complete,8,Parent,One,,,,,,,Fourth Grade,,,,,,,"College degree (BA, BS)",5,5,4,4,4,4,4,4,3,3,4,4,3,3,3,2,3,3,2,2,3,3,3,3,3,3,3,3,2,2,3,2,3,3,3,3,3,3,3,3,3,3,3,3,2,3,
261,237,Complete,9,Administration,,,,,,,,,,,,,,,,5,5,5,5,5,2,,,,5,,,,5,,,,5,,5,5,,5,,,5,5,,,,5,5,3,,,5,3,,5,5,5,5,5,5,5,5,
262,238,Complete,6,,One,,,,,,Third Grade,,,,,,,,"College degree (BA, BS)",3,3,3,3,3,2,2,2,2,2,2,2,2,2,3,3,3,2,3,3,3,2,3,2,3,3,3,3,3,3,3,3,4,4,3,3,3,3,3,3,3,3,3,3,3,3,
263,239,Complete,10,Parent,None,Pre-K 1,,,,,,,,,,,,,"College degree (BA, BS)",,,,,,,,,,,,,,,,,,,,,,,,,,,,,,,,,,,,,,,,,,,,,,,
264,240,Complete,6,Parent,One,,,,,,,,Fifth Grade,,,,,,Masters degree,3,3,3,3,4,3,3,3,2,4,3,3,3,4,4,4,4,3,4,5,4,3,4,4,,4,4,4,3,4,3,4,4,3,3,3,3,4,4,4,5,4,4,4,4,4,
265,241,Complete,7,,One,,,,,Second Grade,,,,,,,,,Masters degree,3,3,3,3,3,2,4,4,4,4,3,3,3,4,4,3,3,3,4,4,5,3,3,3,4,3,3,3,3,3,3,3,5,4,4,4,3,3,3,3,4,4,4,4,4,4,
266,242,Complete,5,Parent,One,,,,First Grade,,,,,,,,,,Masters degree,,,,4,5,3,,,,4,,4,,,3,,3,3,4,4,4,3,4,4,4,4,4,4,3,4,4,4,4,3,4,3,4,4,4,,4,4,4,,,,
267,243,Complete,7,Teacher (Elementary School),,,,,,,,,,,,,,,,5,4,3,3,3,1,2,2,3,4,4,1,2,2,2,1,4,2,3,4,4,2,4,4,3,2,3,3,2,2,2,2,1,1,2,3,5,1,2,4,4,3,2,2,1,3,
268,244,Complete,10,Parent,One,,,,,,Third Grade,,,,,,,,"College degree (BA, BS)",5,5,4,4,4,2,,3,3,3,2,3,3,3,4,4,3,3,3,3,3,,4,4,4,3,4,3,3,3,3,3,4,3,3,3,3,2,3,2,3,4,3,3,2,3,
269,312,Incomplete,,,,,,,,,,,,,,,,,,,,,,,,,,,,,,,,,,,,,,,,,,,,,,,,,,,,,,,,,,,,,,,,
270,313,Incomplete,,,,,,,,,,,,,,,,,,,,,,,,,,,,,,,,,,,,,,,,,,,,,,,,,,,,,,,,,,,,,,,,
271,314,Incomplete,,,,,,,,,,,,,,,,,,,,,,,,,,,,,,,,,,,,,,,,,,,,,,,,,,,,,,,,,,,,,,,,
272,245,Complete,10,Teacher (Elementary School),,,,,,,,,,,,,,,,4,4,4,3,4,3,4,4,3,3,3,4,3,3,2,2,3,3,3,3,4,3,4,4,3,3,3,3,3,3,3,3,3,3,4,3,4,3,4,3,3,4,3,4,4,4,
273,246,Complete,5,Teacher (Elementary School),,,,,,,,,,,,,,,,5,5,3,4,3,3,3,4,2,4,3,3,4,5,4,3,4,4,4,5,5,4,4,4,3,3,4,5,4,4,4,4,3,3,4,4,3,4,4,3,3,5,4,4,3,4,
274,247,Complete,8,Parent,Two,,,,,,,,Fifth Grade,,,,Ninth Grade,,Some college,4,4,3,3,3,3,4,4,3,3,3,3,4,4,4,3,3,4,5,5,5,5,4,4,5,4,4,4,3,3,4,4,4,3,4,3,4,4,4,4,4,4,4,4,4,4,
275,315,Incomplete,,,,,,,,,,,,,,,,,,,,,,,,,,,,,,,,,,,,,,,,,,,,,,,,,,,,,,,,,,,,,,,,
276,248,Complete,6,Parent,One,,,,,,,Fourth Grade,,,,,,,Doctorate degree,3,3,2,3,3,2,3,3,3,3,2,3,2,2,2,2,2,2,4,4,3,2,4,3,4,3,2,3,3,3,3,4,4,3,3,2,2,3,3,2,3,3,3,3,3,2,
277,249,Complete,0,Parent,One,,,,,,,,Fifth Grade,,,,,,Masters degree,,,1,3,3,2,3,3,2,4,3,3,3,4,3,3,3,3,5,5,5,3,5,3,5,5,5,5,5,5,5,5,4,4,3,3,3,3,4,4,3,3,3,3,3,3,
278,250,Complete,5,Non-teaching staff,,,,,,,,,,,,,,,,3,3,2,2,2,4,3,3,2,4,4,4,3,4,2,2,3,2,5,5,5,4,4,4,5,4,3,3,3,3,3,3,4,3,3,3,5,4,4,3,4,3,3,3,3,3,
279,251,Complete,0,Parent,One,,,,First Grade,,,,,,,,,,Doctorate degree,4,3,2,2,5,3,2,3,3,1,5,3,3,4,2,3,3,3,5,5,5,3,5,5,5,5,5,4,5,5,5,5,4,1,3,1,5,4,4,4,4,3,5,4,4,4,
280,252,Complete,5,Parent,One,,,,,,,,,Sixth Grade,,,,,"College degree (BA, BS)",1,2,3,3,3,2,3,3,2,2,1,3,3,3,2,2,2,2,4,4,4,2,4,2,2,4,4,4,3,3,3,4,4,3,3,3,2,3,3,2,3,3,2,3,2,2,
281,253,Complete,8,Parent,Two,,,,First Grade,,,Fourth Grade,,,,,,,Masters degree,3,3,3,3,3,3,,,4,4,4,4,3,4,3,4,4,3,4,4,4,3,4,4,4,4,4,4,5,5,4,4,4,3,3,3,4,4,4,5,2,3,3,4,4,3,
282,254,Complete,6,Parent,Two,,,,,Second Grade,,,,,,Eighth Grade,,,Some college,4,5,4,4,5,3,4,3,4,4,4,4,4,4,4,3,4,4,4,4,4,3,4,4,4,4,4,4,4,3,4,4,4,3,3,3,4,4,4,3,3,4,4,4,3,3,
283,255,Complete,0,Non-teaching staff,,,,,,,,,,,,,,,,3,3,2,2,3,3,2,3,3,3,3,3,2,2,2,2,4,3,3,3,3,1,3,3,3,3,3,3,3,2,4,4,4,3,2,3,3,3,2,3,3,3,3,2,2,2,
284,256,Complete,10,Parent,One,,,,,,,,Fifth Grade,,,,,,Some college,4,4,4,4,4,4,4,4,3,4,3,3,4,4,4,4,4,4,5,5,4,4,5,5,5,4,4,4,5,5,5,5,5,3,4,2,4,3,4,3,4,4,4,4,4,4,
285,257,Complete,5,Parent,One,,,,,Second Grade,,,,,,,,,"College degree (BA, BS)",5,5,3,3,3,3,3,3,3,3,5,4,3,3,2,2,3,3,3,3,3,3,3,3,3,3,3,3,5,5,5,5,3,3,3,3,4,3,3,3,3,3,3,3,3,3,
286,258,Complete,7,Teacher (Elementary School),,,,,,,,,,,,,,,,3,4,4,3,2,2,2,3,1,1,1,2,3,4,2,2,2,3,4,5,5,3,4,4,4,3,3,3,3,3,3,3,3,3,3,4,3,4,3,2,4,4,4,4,3,3,
287,259,Complete,7,Parent,Three,,,Kindergarten,,,,Fourth Grade,,,Seventh Grade,,,,Masters degree,3,4,4,4,4,3,3,3,3,3,4,3,3,4,4,2,4,3,4,3,3,3,4,4,3,3,3,3,3,4,4,4,4,3,3,4,3,3,3,3,3,4,4,3,3,3,
288,260,Complete,9,Parent,One,,,,First Grade,,,,,,,,,,"College degree (BA, BS)",4,4,4,4,4,4,4,4,5,4,4,4,4,4,3,3,4,4,5,5,4,4,5,5,4,4,4,5,5,5,4,5,4,4,4,4,5,4,4,4,4,4,4,4,4,4,
289,261,Complete,6,Parent,One,,,,,Second Grade,,,,,,,,,Masters degree,3,4,2,2,2,1,2,2,3,3,3,3,2,3,2,2,3,1,3,3,3,1,3,2,3,3,3,3,3,3,3,3,3,2,2,2,2,1,1,1,2,2,2,3,3,3,
290,262,Complete,10,Parent,One,,,,,,Third Grade,,,,,,,,"College degree (BA, BS)",3,4,3,3,4,2,2,,3,4,2,3,3,3,,3,3,,3,4,4,,4,,,4,4,4,4,4,4,4,4,4,3,3,3,,2,,3,4,4,,3,3,
291,263,Complete,7,Parent,One,,,,First Grade,,,,,,,,,,Some college,3,3,5,4,5,5,5,5,5,5,4,5,,,4,4,4,,5,5,5,5,5,5,3,,,,5,5,5,5,5,,5,3,4,,,,3,4,3,,,,
292,264,Complete,8,Parent,One,,,,,,,,,,,,Ninth Grade,,Masters degree,1,4,3,4,4,2,3,4,3,4,3,4,4,3,2,3,4,3,4,4,5,3,4,3,3,4,3,4,4,3,3,4,4,4,4,3,4,2,3,4,3,4,4,3,3,2,
293,265,Complete,10,Teacher (Elementary School),,,,,,,,,,,,,,,,4,,4,3,4,3,3,3,3,3,3,3,3,3,3,3,3,3,3,3,4,3,3,3,3,3,3,3,3,3,3,3,3,3,3,3,3,3,3,3,3,3,3,3,3,3,
294,266,Complete,10,Teacher (Elementary School),,,,,,,,,,,,,,,,5,5,5,5,5,5,5,4,2,2,5,,,5,3,3,,5,5,5,5,5,5,5,5,5,5,4,5,5,5,5,5,5,5,,5,5,5,,5,5,5,5,5,5,
295,267,Complete,10,Parent,Two,,,,First Grade,,,,,Sixth Grade,,,,,Some college,4,5,5,4,4,4,4,4,4,4,4,4,4,4,4,4,4,5,4,4,4,4,4,4,5,4,4,4,4,4,4,3,3,4,4,3,4,5,5,4,4,4,4,4,4,4,
296,268,Complete,10,,One,,,,First Grade,,,,,,,,,,"College degree (BA, BS)",,,,,,,,,4,5,,,,,4,4,3,4,4,5,4,,4,4,4,4,4,4,4,4,4,4,4,3,4,3,,,,,4,4,5,,,,
297,269,Complete,10,Parent,One,,,,First Grade,,,,,,,,,,"College degree (BA, BS)",1,4,3,5,5,1,3,3,3,3,5,2,3,3,3,1,3,5,4,4,4,1,5,3,5,5,5,5,1,2,1,1,3,3,3,3,1,1,1,3,4,4,5,5,4,4,
298,270,Complete,7,Parent,Two,,,,First Grade,Second Grade,,,,,,,,,Masters degree,3,3,3,3,3,3,2,3,2,4,3,3,3,3,3,3,3,3,4,4,4,2,4,3,3,4,4,3,3,3,4,4,3,3,3,3,3,3,3,2,3,3,3,4,3,3,
299,271,Complete,6,Parent,One,,,,,,Third Grade,,,,,,,,"College degree (BA, BS)",3,4,3,3,4,3,3,3,3,3,4,3,4,4,3,2,3,4,4,4,4,3,4,4,4,4,4,4,4,4,3,4,3,4,3,3,3,3,3,3,3,4,4,3,3,4,
300,272,Complete,7,Non-teaching staff,,,,,,,,,,,,,,,,5,5,3,4,3,2,4,2,2,4,3,3,4,3,4,5,4,3,3,2,2,3,4,3,3,4,3,2,4,3,3,3,4,4,2,3,3,3,3,3,4,4,4,4,3,4,
301,273,Complete,10,Non-teaching staff,,,,,,,,,,,,,,,,4,5,3,3,3,3,3,3,3,4,4,4,4,4,3,3,3,3,4,4,4,5,4,4,5,3,4,4,3,3,4,4,4,2,2,2,3,3,3,3,4,4,3,4,3,3,
302,274,Complete,10,,Two,,,,,Second Grade,,,Fifth Grade,,,,,,Masters degree,1,3,3,3,3,2,3,3,1,1,5,2,2,3,4,4,4,4,5,5,4,4,5,4,5,5,3,3,5,5,5,5,4,3,3,1,3,4,3,3,2,3,3,3,2,2,
303,275,Complete,7,Teacher (Elementary School),,,,,,,,,,,,,,,,4,4,4,4,5,4,4,4,2,4,3,3,3,3,4,4,4,4,5,5,5,3,5,5,4,5,4,5,4,4,5,5,4,4,4,3,4,3,3,4,4,5,5,4,4,4,
304,276,Complete,7,,One,,,,,,,,Fifth Grade,,,,,,"College degree (BA, BS)",4,4,3,3,4,3,3,3,3,5,4,3,3,3,4,4,4,3,5,5,5,3,4,4,4,5,5,4,4,4,4,4,4,3,4,4,3,4,4,,4,3,4,4,3,3,
305,277,Complete,5,Parent,One,,,,,,,,,,,,Ninth Grade,,Some college,,,,4,5,3,,,4,3,,,,,,,,,4,4,5,4,4,4,,,4,,4,4,,,4,4,3,2,4,,,,4,4,4,,,,
306,278,Complete,5,Administration,,,,,,,,,,,,,,,,5,5,2,1,1,2,5,5,1,1,1,1,5,5,2,2,2,2,2,4,4,2,4,4,4,1,,2,5,5,5,5,3,3,3,3,2,2,3,1,2,2,2,1,1,3,
307,279,Complete,7,Parent,One,,,,,,,,,,,Eighth Grade,,,Masters degree,3,4,3,3,2,3,4,3,3,3,4,4,,,3,3,4,3,4,4,4,3,4,3,4,4,2,2,4,4,4,4,2,4,3,2,4,3,3,3,2,3,2,3,3,3,
308,300,Complete,9,,One,,,,First Grade,,,,,,,,,,"College degree (BA, BS)",4,4,4,5,5,4,5,5,5,5,5,5,5,5,,,5,,5,5,5,5,,,,,,,5,5,5,5,4,4,,4,4,,,,,,,,,,
309,316,Complete,4,,One,,,,,Second Grade,,,,,,,,,Masters degree,2,2,3,4,4,3,2,2,4,3,4,3,3,4,1,2,2,3,4,4,4,3,4,4,4,4,4,3,3,3,4,4,4,3,3,3,4,3,3,3,4,4,4,3,4,4,
310,317,Complete,8,Parent,Two,,,Kindergarten,,Second Grade,,,,,,,,,"College degree (BA, BS)",,,4,4,4,4,4,4,4,4,5,3,4,3,3,3,3,3,3,4,4,3,4,4,4,4,3,4,4,4,4,4,4,2,3,4,4,3,4,3,3,4,4,3,4,3,
311,318,Complete,5,Parent,One,,,,,Second Grade,,,,,,,,,Masters degree,3,3,3,3,4,3,2,2,3,3,5,3,3,3,3,2,3,3,4,4,4,3,5,4,4,4,3,3,4,4,4,4,4,3,4,3,3,3,4,4,3,2,2,3,3,3,
312,327,Incomplete,6,,One,,,,,,Third Grade,Fourth Grade,Fifth Grade,,,,,,"College degree (BA, BS)",,,,,,,,,,,,,,,,,,,,,,,,,,,,,,,,,,,,,,,,,,,,,,,
313,319,Complete,0,Teacher (Elementary School),,,,,,,,,,,,,,,,1,1,2,2,2,1,1,1,1,1,1,1,1,1,1,1,3,1,3,1,1,1,1,3,1,3,1,1,2,1,4,3,2,1,1,1,2,1,1,2,1,2,1,2,1,1,
314,320,Complete,0,Parent,One,,,,,Second Grade,,,,,,,,,Masters degree,2,3,3,3,4,2,2,2,3,3,3,3,3,3,1,1,2,2,3,3,3,3,3,3,3,3,3,3,3,3,2,3,3,3,2,2,1,2,2,3,2,3,3,3,2,2,
315,280,Complete,5,Teacher (Seconday  School),,,,,,,,,,,,,,,,3,3,3,3,3,2,3,3,1,3,1,2,,,2,,4,,5,3,5,,5,3,,3,3,3,4,3,5,5,5,,3,,5,3,,,3,3,3,4,1,1,
316,321,Complete,5,Teacher (Elementary School),,,,,,,,,,,,,,,,5,4,3,3,3,3,3,3,3,3,3,3,3,3,3,3,3,3,5,5,5,3,3,3,3,3,2,3,3,3,4,4,4,4,3,4,3,3,3,3,3,3,3,3,3,3,
317,322,Complete,9,Parent,One,,,,,Second Grade,,,,,,,,,Masters degree,4,4,3,3,4,4,4,4,4,4,4,4,4,4,3,4,4,4,5,5,5,4,5,4,4,4,4,4,4,5,5,5,4,4,4,4,4,5,4,4,4,4,3,4,4,4,
318,323,Complete,9,Parent,One,,,,First Grade,,,,,,,,,,Masters degree,4,5,4,4,5,4,4,4,4,5,4,4,4,4,3,3,3,3,4,4,4,3,4,4,4,4,4,4,4,4,4,4,4,3,4,4,4,4,4,4,4,4,4,4,4,4,
319,285,Complete,10,Non-teaching staff,,,,,,,,,,,,,,,,5,5,5,5,5,5,5,5,5,5,5,5,5,5,5,5,5,5,5,5,5,5,5,5,5,5,5,5,5,5,5,5,5,5,5,5,5,5,5,5,5,5,5,5,5,5,
320,324,Complete,10,Non-teaching staff,,,,,,,,,,,,,,,,4,5,5,5,5,5,5,5,5,5,5,5,4,5,4,4,5,5,5,5,5,4,5,5,5,5,5,5,3,3,3,3,5,5,5,5,5,5,5,5,5,5,5,5,5,5,
321,325,Complete,8,Parent,Two,,,,,Second Grade,,,,Sixth Grade,,,,,Masters degree,4,4,3,3,3,3,2,3,3,3,3,3,4,4,3,3,4,4,5,5,4,3,5,4,4,4,4,4,3,4,4,4,4,3,3,3,3,5,3,4,3,3,3,4,3,3,
322,326,Complete,9,Parent,Two,,,,,Second Grade,,,,,,Eighth Grade,,,"College degree (BA, BS)",4,4,4,4,4,4,4,4,4,4,4,4,4,4,4,4,4,4,4,4,4,4,4,4,4,4,4,4,4,4,4,4,4,4,4,3,3,3,4,4,4,4,4,3,3,4,
323,328,Incomplete,6,Parent,One,,,,First Grade,,,,,,,,,,"College degree (BA, BS)",3,3,2,3,3,3,,,,,,,,,,,,,,,,,,,,,,,,,,,,,,,,,,,,,,,,,
324,329,Complete,8,Non-teaching staff,,,,,,,,,,,,,,,,4,4,2,2,2,1,4,3,4,4,4,3,5,4,4,4,5,4,5,5,5,2,3,4,4,5,4,3,5,4,5,4,5,5,3,4,3,3,3,4,4,4,4,3,3,3,
325,294,Complete,0,Parent,One,,,,,Second Grade,,,,,,,,,Masters degree,2,3,2,2,2,1,1,2,1,4,2,2,2,4,1,1,2,2,5,4,4,1,4,4,3,3,2,2,4,3,4,4,4,2,1,2,3,3,3,4,3,2,2,1,1,1,
326,330,Complete,7,Teacher (Elementary School),,,,,,,,,,,,,,,,4,5,4,3,4,3,3,4,4,4,,4,4,4,4,,5,4,4,3,1,3,5,5,4,4,5,4,4,5,5,5,5,,4,,5,,4,,5,5,4,4,4,4,
327,331,Complete,7,Parent,Three,,,,,,,,Fifth Grade,Sixth Grade,,,,,Some college,3,3,3,3,3,3,3,3,3,3,4,3,3,,2,2,3,2,4,4,4,4,3,3,,3,2,3,2,3,4,3,,3,,,3,,2,,2,3,4,,,2,
328,332,Complete,8,Parent,One,,,,First Grade,,,,,,,,,,"College degree (BA, BS)",3,3,3,3,3,3,,,,,,2,3,3,3,,3,3,4,4,4,2,4,4,1,3,4,4,3,3,3,3,2,1,3,1,2,2,1,1,1,4,3,2,2,3,
329,333,Complete,5,Teacher (Elementary School),,,,,,,,,,,,,,,,3,5,4,4,3,2,1,1,1,1,2,2,1,2,1,1,2,2,4,4,4,1,3,3,4,3,5,4,4,3,3,4,4,1,1,1,1,3,3,1,2,3,4,2,2,3,
330,334,Complete,8,Parent,One,,,,First Grade,,,,,,,,,,Masters degree,3,3,3,3,4,3,3,3,4,4,3,3,3,3,2,2,3,3,4,4,4,3,4,4,3,4,4,3,4,4,4,4,4,4,3,3,3,3,3,3,3,4,4,3,3,3,
331,335,Complete,0,Parent,Two,,,,First Grade,,,,,,,,,,Masters degree,3,3,2,3,3,3,,,,2,4,3,3,3,2,2,3,3,4,4,3,3,3,3,4,3,4,3,3,3,3,4,3,2,3,2,3,3,3,3,3,3,3,4,3,3,
332,336,Complete,3,Parent,One,,,,,,,,,Sixth Grade,,,,,"College degree (BA, BS)",3,4,3,3,4,2,3,2,2,2,3,3,2,3,2,2,3,2,4,4,4,2,4,4,4,4,4,3,3,3,3,4,3,4,3,2,2,3,3,3,2,3,3,2,3,3,
333,337,Complete,5,,One,,,,First Grade,,,,,,,,,,Some college,3,3,2,4,5,3,3,4,5,5,5,5,3,5,4,4,4,4,4,5,5,4,5,5,5,5,3,3,5,5,5,5,5,1,4,1,4,3,4,3,4,4,4,4,4,4,
334,338,Complete,5,,One,,,,,Second Grade,,,,,,,,,"College degree (BA, BS)",3,3,2,3,4,3,3,4,3,3,2,3,3,3,3,3,3,3,3,3,3,4,3,3,3,3,3,3,2,3,3,4,2,2,3,2,1,2,2,2,3,3,3,2,3,2,
335,339,Complete,0,Parent,One,,,,,,,,,Sixth Grade,,,,,Some college,1,5,1,1,3,1,1,1,2,,,,,4,2,2,,2,4,3,3,2,3,3,,,2,3,2,2,2,3,2,2,1,1,1,1,1,,2,2,2,2,1,1,
336,340,Complete,5,Parent,One,,,,,Second Grade,,,,,,,,,"College degree (BA, BS)",3,3,2,3,3,2,,,,,,3,,,2,1,2,2,3,3,3,,3,3,,3,3,3,2,2,2,2,3,2,2,2,3,3,2,2,3,3,2,2,2,2,
337,341,Complete,5,Teacher (Elementary School),,,,,,,,,,,,,,,,4,4,2,3,4,2,3,3,3,4,4,3,2,2,5,2,3,3,4,4,4,2,4,3,4,4,4,4,3,2,4,4,4,3,2,3,3,4,4,3,3,3,4,3,3,3,
338,342,Complete,10,Parent,One,,,,,,,Fourth Grade,,,,,,,"College degree (BA, BS)",3,3,3,3,4,3,4,4,3,5,4,4,4,5,5,3,4,4,5,5,5,3,5,5,5,5,5,5,5,5,5,5,5,4,4,5,4,4,5,5,5,4,3,4,4,5,
339,343,Complete,10,Non-teaching staff,,,,,,,,,,,,,,,,5,5,5,5,5,5,5,5,5,5,5,5,5,5,5,5,5,5,5,5,5,5,5,5,5,5,5,5,5,5,5,5,5,5,5,5,5,5,5,5,5,5,5,5,5,5,
340,361,Incomplete,8,Teacher (Seconday  School),,,,,,,,,,,,,,,,4,4,4,4,4,4,,,,,,,,,,,,,,,,,,,,,,,,,,,,,,,,,,,,,,,,,
341,301,Incomplete,,,,,,,,,,,,,,,,,,3,3,4,3,3,4,,,,,,,,,4,,,,3,2,3,,2,,,,,,2,2,2,,3,4,,,3,,,,3,3,3,,,,
342,344,Complete,9,Teacher (Seconday  School),,,,,,,,,,,,,,,,4,5,3,4,4,2,4,4,1,5,3,3,3,3,3,5,3,4,5,4,5,3,4,4,4,4,4,4,3,3,3,4,3,4,1,3,4,2,4,3,4,4,3,5,3,2,
343,362,Incomplete,9,Administration,,,,,,,,,,,,,,,,4,4,4,4,4,4,4,,,,,,,,,,,,,,,,,,,,,,,,,,,,,,,,,,,,,,,,
344,363,Incomplete,5,Teacher (Elementary School),,,,,,,,,,,,,,,,,,,,,,,,,,,,,,,,,,,,,,,,,,,,,,,,,,,,,,,,,,,,,,
345,345,Complete,10,Non-teaching staff,,,,,,,,,,,,,,,,5,5,4,3,4,3,5,3,3,4,4,3,4,4,4,3,5,4,4,4,4,3,5,4,4,4,4,4,4,4,3,3,4,4,3,3,3,4,3,4,4,4,4,4,3,3,
346,346,Complete,9,Parent,One,,,,,,,Fourth Grade,,,Seventh Grade,,,,"College degree (BA, BS)",4,5,4,4,5,4,4,4,3,3,3,3,4,4,3,3,3,4,4,4,4,4,5,5,4,4,4,4,4,4,4,4,4,3,3,3,3,3,4,3,3,4,5,4,4,4,
347,347,Complete,10,Parent,One,,,,First Grade,,,,,,,,,,Masters degree,4,4,4,4,4,5,5,4,4,4,4,4,4,5,3,3,4,4,4,5,5,5,5,5,5,5,5,5,5,5,5,5,4,4,4,4,4,4,4,4,5,5,5,5,4,4,
348,348,Complete,5,Administration,,,,,,,,,,,,,,,,5,4,2,4,3,3,2,4,2,4,4,3,2,4,2,3,3,2,4,4,4,3,4,4,4,4,3,3,4,4,4,4,4,3,2,2,4,3,4,3,3,3,4,3,2,3,
349,349,Complete,0,Parent,One,,,,,,,,,Sixth Grade,,,,,"College degree (BA, BS)",5,5,4,3,4,3,4,3,3,4,4,4,3,4,2,2,4,4,4,4,4,4,4,4,4,3,3,3,2,3,3,4,4,4,3,4,3,4,4,4,4,3,4,4,4,4,
350,350,Complete,0,Parent,One,,,,,,Third Grade,,,,,,,,Masters degree,5,5,1,1,3,1,3,3,2,2,4,3,1,1,1,2,2,2,3,4,4,2,4,3,5,3,2,3,4,4,4,4,3,3,3,3,2,2,3,3,3,2,3,3,3,2,
351,364,Incomplete,0,Parent,Two,,,,First Grade,,,Fourth Grade,,,,,,,Some college,2,2,2,2,2,2,2,2,2,2,2,2,2,2,,,,,,,,,,,,,,,,,,,,,,,,,,,,,,,,,
352,365,Incomplete,8,Parent,One,,,,,,Third Grade,,,,,,,,Masters degree,,,,,,,,,,,,,,,,,,,,,,,,,,,,,,,,,,,,,,,,,,,,,,,
353,351,Complete,10,Non-teaching staff,,,,,,,,,,,,,,,,5,5,5,5,5,5,5,5,5,5,5,5,5,5,5,5,5,5,5,5,5,5,5,5,5,5,5,5,5,5,5,5,5,5,5,5,5,5,5,5,5,5,5,5,5,5,
354,366,Incomplete,8,Parent,One,,,,,Second Grade,,,,,,,,,Masters degree,,,4,4,5,3,,,,,,,,,,,,,,,,,,,,,,,,,,,,,,,,,,,,,,,,,
355,367,Incomplete,10,Parent,One,,,,,,Third Grade,,,,,,,,Some college,,,,,,,,,,,,,,,,,,,,,,,,,,,,,,,,,,,,,,,,,,,,,,,
356,352,Complete,10,Parent,One,,,,First Grade,,,,,,,,,,"College degree (BA, BS)",2,2,3,3,2,3,3,3,3,4,3,3,3,4,3,3,4,4,4,4,4,2,4,4,4,4,3,3,3,4,3,4,4,3,3,4,3,4,3,3,4,4,4,3,3,3,
357,303,Incomplete,,,,,,,,,,,,,,,,,,,,,,,,4,4,5,4,5,4,5,4,4,4,4,4,4,4,5,4,5,4,5,5,4,4,4,4,4,4,5,5,5,5,4,4,4,4,5,5,5,4,4,4,
358,368,Incomplete,5,Parent,,,,,,,,,,,,,,,,,,,,,,,,,,,,,,,,,,,,,,,,,,,,,,,,,,,,,,,,,,,,,,
359,353,Complete,8,Non-teaching staff,,,,,,,,,,,,,,,,4,3,4,4,,4,4,4,3,3,3,4,4,4,4,3,4,3,4,4,4,3,4,4,4,4,4,4,4,4,4,4,5,4,4,4,4,4,4,4,4,4,4,4,4,4,
360,354,Complete,7,Parent,Two,,,,First Grade,,Third Grade,,,,,,,,Masters degree,1,3,3,3,3,3,4,4,3,3,3,3,4,4,3,3,3,3,4,5,5,5,5,5,5,4,3,3,4,4,4,5,5,5,4,2,4,4,4,4,4,3,4,4,3,3,
361,355,Complete,6,Teacher (Elementary School),,,,,,,,,,,,,,,,4,4,4,4,4,3,4,4,3,2,4,3,3,4,3,3,3,4,4,4,4,3,4,3,4,3,4,4,4,4,4,4,3,3,3,3,4,4,4,4,4,4,4,4,3,4,
362,302,Complete,10,Teacher (Elementary School),,,,,,,,,,,,,,,,5,5,3,3,3,2,,,2,2,3,3,3,4,3,2,4,3,4,4,4,,3,3,,3,3,3,3,3,3,3,4,4,3,3,4,4,2,4,4,3,3,3,3,3,
363,356,Complete,2,Parent,One,,,,,,,,Fifth Grade,,,,,,"College degree (BA, BS)",4,4,2,3,3,3,3,3,1,3,3,2,3,3,3,3,3,3,4,5,5,3,3,3,4,3,3,3,2,3,3,5,4,2,3,2,2,3,3,4,3,3,3,3,1,2,
364,357,Complete,1,Parent,One,,,,First Grade,,,,,,,,,,Masters degree,2,2,2,,3,2,2,2,3,3,1,2,2,3,2,3,3,2,3,2,2,2,2,3,2,3,2,2,3,2,2,2,3,2,2,1,3,2,2,2,3,3,3,3,3,3,
365,358,Complete,7,Parent,One,,,,First Grade,,,,,,,,,,Masters degree,3,4,4,4,5,4,3,3,4,4,4,4,3,3,3,3,4,3,5,5,5,3,4,4,4,4,4,4,4,4,4,4,5,4,4,4,4,4,4,3,4,4,5,4,4,5,
366,369,Incomplete,3,Teacher (Elementary School),,,,,,,,,,,,,,,,,,,,,,,,,,,,,,,,,,,,,,,,,,,,,,,,,,,,,,,,,,,,,,
367,359,Complete,7,,One,,,,,,,,Fifth Grade,,,,,,Masters degree,4,4,4,4,4,4,1,1,3,3,2,2,3,3,5,3,2,2,4,5,5,4,5,5,5,3,3,4,4,3,5,5,4,3,3,4,5,5,5,4,5,4,5,5,3,4,
368,370,Incomplete,6,Parent,Two,,,Kindergarten,,,Third Grade,,,,,,,,"College degree (BA, BS)",,,,,,,,,,,,,,,,,,,,,,,,,,,,,,,,,,,,,,,,,,,,,,,
369,360,Complete,10,Parent,One,,,,,,,,Fifth Grade,,,,,,Masters degree,3,4,3,3,4,3,2,5,3,4,4,4,3,4,2,3,4,4,4,4,4,2,4,4,1,4,4,4,4,4,4,4,4,3,4,3,4,4,3,2,3,4,4,4,4,3,
370,371,Complete,1,Parent,Two,,,,,Second Grade,,,,Sixth Grade,,,,,"College degree (BA, BS)",4,4,3,3,3,3,3,3,3,3,3,3,3,3,3,3,3,3,3,5,4,3,5,3,3,4,3,3,3,3,3,3,2,3,3,2,3,3,4,3,3,3,3,3,3,3,
371,372,Complete,5,,One,,,,,,,,,,,,Ninth Grade,,Masters degree,,,,,,,3,3,3,3,5,3,3,4,3,3,3,4,4,5,4,4,4,4,5,4,4,4,4,5,5,5,4,3,4,3,4,3,4,4,3,4,3,4,5,4,
372,310,Complete,6,,One,,,,,,,,Fifth Grade,,,,,,Masters degree,3,4,4,4,3,4,4,3,3,2,3,4,3,4,3,3,4,4,4,4,4,4,4,4,3,3,3,4,5,5,5,5,4,4,4,4,3,4,4,3,4,4,4,4,3,4,
373,373,Complete,7,Non-teaching staff,,,,,,,,,,,,,,,,4,4,4,4,3,2,4,2,2,,,,3,4,2,,,,4,4,5,2,3,3,,4,,3,3,3,,,4,,4,4,3,,3,,5,,,4,,,
374,374,Complete,10,Parent,Two,,,,First Grade,,Third Grade,,,,,,,,Masters degree,3,5,5,5,5,5,5,5,5,5,5,5,5,5,3,3,5,5,5,5,5,5,5,5,5,5,5,5,5,5,5,5,5,5,5,5,5,5,5,5,5,5,5,5,5,5,
375,375,Complete,0,Parent,One,,,,,,,,,Sixth Grade,,,,,"College degree (BA, BS)",3,2,2,2,2,2,2,2,2,3,3,3,3,2,1,1,2,1,4,4,4,1,3,3,3,3,2,3,4,4,4,5,3,2,2,3,2,2,2,3,3,2,2,2,2,2,
376,375,Complete,0,Parent,One,,,,,,,,,Sixth Grade,,,,,"College degree (BA, BS)",3,2,2,2,2,2,2,2,2,3,3,3,3,2,1,1,2,1,4,4,4,1,3,3,3,3,2,3,4,4,4,5,3,2,2,3,2,2,2,3,3,2,2,2,2,2,
